$MeshFormat
4.1 0 8
$EndMeshFormat
$PhysicalNames
2
1 10 "OuterBoundary"
2 1 "Domain"
$EndPhysicalNames
$Entities
4 4 1 0
1 0 0 0 0 
2 10 0 0 0 
3 10 10 0 0 
4 0 10 0 0 
1 0 0 0 10 0 0 1 10 2 1 -2 
2 10 0 0 10 10 0 1 10 2 2 -3 
3 0 10 0 10 10 0 1 10 2 3 -4 
4 0 0 0 0 10 0 1 10 2 4 -1 
1 0 0 0 10 10 0 1 1 4 1 2 3 4 
$EndEntities
$Nodes
9 1936 1 1936
0 1 0 1
1
0 0 0
0 2 0 1
2
10 0 0
0 3 0 1
3
10 10 0
0 4 0 1
4
0 10 0
1 1 0 39
5
6
7
8
9
10
11
12
13
14
15
16
17
18
19
20
21
22
23
24
25
26
27
28
29
30
31
32
33
34
35
36
37
38
39
40
41
42
43
0.2499999999998179 0 0
0.499999999999549 0 0
0.7499999999993603 0 0
0.9999999999991849 0 0
1.249999999998966 0 0
1.499999999998279 0 0
1.749999999997549 0 0
1.999999999996818 0 0
2.249999999996088 0 0
2.499999999995357 0 0
2.749999999994626 0 0
2.999999999993896 0 0
3.249999999993165 0 0
3.499999999992435 0 0
3.749999999991705 0 0
3.999999999991009 0 0
4.24999999999125 0 0
4.499999999991629 0 0
4.749999999992009 0 0
4.999999999992388 0 0
5.249999999992767 0 0
5.499999999993147 0 0
5.749999999993526 0 0
5.999999999993905 0 0
6.249999999994285 0 0
6.499999999994665 0 0
6.749999999995044 0 0
6.999999999995423 0 0
7.249999999995802 0 0
7.499999999996183 0 0
7.749999999996562 0 0
7.999999999996942 0 0
8.249999999997325 0 0
8.499999999997707 0 0
8.749999999998089 0 0
8.999999999998471 0 0
9.249999999998852 0 0
9.499999999999236 0 0
9.749999999999616 0 0
1 2 0 39
44
45
46
47
48
49
50
51
52
53
54
55
56
57
58
59
60
61
62
63
64
65
66
67
68
69
70
71
72
73
74
75
76
77
78
79
80
81
82
10 0.2499999999998179 0
10 0.499999999999549 0
10 0.7499999999993603 0
10 0.9999999999991849 0
10 1.249999999998966 0
10 1.499999999998279 0
10 1.749999999997549 0
10 1.999999999996818 0
10 2.249999999996088 0
10 2.499999999995357 0
10 2.749999999994626 0
10 2.999999999993896 0
10 3.249999999993165 0
10 3.499999999992435 0
10 3.749999999991705 0
10 3.999999999991009 0
10 4.24999999999125 0
10 4.499999999991629 0
10 4.749999999992009 0
10 4.999999999992388 0
10 5.249999999992767 0
10 5.499999999993147 0
10 5.749999999993526 0
10 5.999999999993905 0
10 6.249999999994285 0
10 6.499999999994665 0
10 6.749999999995044 0
10 6.999999999995423 0
10 7.249999999995802 0
10 7.499999999996183 0
10 7.749999999996562 0
10 7.999999999996942 0
10 8.249999999997325 0
10 8.499999999997707 0
10 8.749999999998089 0
10 8.999999999998471 0
10 9.249999999998852 0
10 9.499999999999236 0
10 9.749999999999616 0
1 3 0 39
83
84
85
86
87
88
89
90
91
92
93
94
95
96
97
98
99
100
101
102
103
104
105
106
107
108
109
110
111
112
113
114
115
116
117
118
119
120
121
9.75 10 0
9.500000000000002 10 0
9.250000000000002 10 0
9.000000000000002 10 0
8.750000000000004 10 0
8.500000000000004 10 0
8.250000000000004 10 0
8.000000000000004 10 0
7.750000000000005 10 0
7.500000000000005 10 0
7.250000000000005 10 0
7.000000000000007 10 0
6.750000000000007 10 0
6.500000000000007 10 0
6.250000000000009 10 0
6.000000000000009 10 0
5.750000000000009 10 0
5.50000000000001 10 0
5.25000000000001 10 0
5.000000000000011 10 0
4.750000000000012 10 0
4.500000000000012 10 0
4.250000000000012 10 0
4.000000000000013 10 0
3.750000000000013 10 0
3.500000000000014 10 0
3.250000000000015 10 0
3.000000000000015 10 0
2.750000000000016 10 0
2.500000000000017 10 0
2.250000000000016 10 0
2.000000000000018 10 0
1.750000000000016 10 0
1.500000000000014 10 0
1.250000000000011 10 0
1.000000000000011 10 0
0.7500000000000071 10 0
0.5000000000000036 10 0
0.2500000000000018 10 0
1 4 0 39
122
123
124
125
126
127
128
129
130
131
132
133
134
135
136
137
138
139
140
141
142
143
144
145
146
147
148
149
150
151
152
153
154
155
156
157
158
159
160
0 9.75 0
0 9.500000000000002 0
0 9.250000000000002 0
0 9.000000000000002 0
0 8.750000000000004 0
0 8.500000000000004 0
0 8.250000000000004 0
0 8.000000000000004 0
0 7.750000000000005 0
0 7.500000000000005 0
0 7.250000000000005 0
0 7.000000000000007 0
0 6.750000000000007 0
0 6.500000000000007 0
0 6.250000000000009 0
0 6.000000000000009 0
0 5.750000000000009 0
0 5.50000000000001 0
0 5.25000000000001 0
0 5.000000000000011 0
0 4.750000000000012 0
0 4.500000000000012 0
0 4.250000000000012 0
0 4.000000000000013 0
0 3.750000000000013 0
0 3.500000000000014 0
0 3.250000000000015 0
0 3.000000000000015 0
0 2.750000000000016 0
0 2.500000000000017 0
0 2.250000000000016 0
0 2.000000000000018 0
0 1.750000000000016 0
0 1.500000000000014 0
0 1.250000000000011 0
0 1.000000000000011 0
0 0.7500000000000071 0
0 0.5000000000000036 0
0 0.2500000000000018 0
2 1 0 1776
161
162
163
164
165
166
167
168
169
170
171
172
173
174
175
176
177
178
179
180
181
182
183
184
185
186
187
188
189
190
191
192
193
194
195
196
197
198
199
200
201
202
203
204
205
206
207
208
209
210
211
212
213
214
215
216
217
218
219
220
221
222
223
224
225
226
227
228
229
230
231
232
233
234
235
236
237
238
239
240
241
242
243
244
245
246
247
248
249
250
251
252
253
254
255
256
257
258
259
260
261
262
263
264
265
266
267
268
269
270
271
272
273
274
275
276
277
278
279
280
281
282
283
284
285
286
287
288
289
290
291
292
293
294
295
296
297
298
299
300
301
302
303
304
305
306
307
308
309
310
311
312
313
314
315
316
317
318
319
320
321
322
323
324
325
326
327
328
329
330
331
332
333
334
335
336
337
338
339
340
341
342
343
344
345
346
347
348
349
350
351
352
353
354
355
356
357
358
359
360
361
362
363
364
365
366
367
368
369
370
371
372
373
374
375
376
377
378
379
380
381
382
383
384
385
386
387
388
389
390
391
392
393
394
395
396
397
398
399
400
401
402
403
404
405
406
407
408
409
410
411
412
413
414
415
416
417
418
419
420
421
422
423
424
425
426
427
428
429
430
431
432
433
434
435
436
437
438
439
440
441
442
443
444
445
446
447
448
449
450
451
452
453
454
455
456
457
458
459
460
461
462
463
464
465
466
467
468
469
470
471
472
473
474
475
476
477
478
479
480
481
482
483
484
485
486
487
488
489
490
491
492
493
494
495
496
497
498
499
500
501
502
503
504
505
506
507
508
509
510
511
512
513
514
515
516
517
518
519
520
521
522
523
524
525
526
527
528
529
530
531
532
533
534
535
536
537
538
539
540
541
542
543
544
545
546
547
548
549
550
551
552
553
554
555
556
557
558
559
560
561
562
563
564
565
566
567
568
569
570
571
572
573
574
575
576
577
578
579
580
581
582
583
584
585
586
587
588
589
590
591
592
593
594
595
596
597
598
599
600
601
602
603
604
605
606
607
608
609
610
611
612
613
614
615
616
617
618
619
620
621
622
623
624
625
626
627
628
629
630
631
632
633
634
635
636
637
638
639
640
641
642
643
644
645
646
647
648
649
650
651
652
653
654
655
656
657
658
659
660
661
662
663
664
665
666
667
668
669
670
671
672
673
674
675
676
677
678
679
680
681
682
683
684
685
686
687
688
689
690
691
692
693
694
695
696
697
698
699
700
701
702
703
704
705
706
707
708
709
710
711
712
713
714
715
716
717
718
719
720
721
722
723
724
725
726
727
728
729
730
731
732
733
734
735
736
737
738
739
740
741
742
743
744
745
746
747
748
749
750
751
752
753
754
755
756
757
758
759
760
761
762
763
764
765
766
767
768
769
770
771
772
773
774
775
776
777
778
779
780
781
782
783
784
785
786
787
788
789
790
791
792
793
794
795
796
797
798
799
800
801
802
803
804
805
806
807
808
809
810
811
812
813
814
815
816
817
818
819
820
821
822
823
824
825
826
827
828
829
830
831
832
833
834
835
836
837
838
839
840
841
842
843
844
845
846
847
848
849
850
851
852
853
854
855
856
857
858
859
860
861
862
863
864
865
866
867
868
869
870
871
872
873
874
875
876
877
878
879
880
881
882
883
884
885
886
887
888
889
890
891
892
893
894
895
896
897
898
899
900
901
902
903
904
905
906
907
908
909
910
911
912
913
914
915
916
917
918
919
920
921
922
923
924
925
926
927
928
929
930
931
932
933
934
935
936
937
938
939
940
941
942
943
944
945
946
947
948
949
950
951
952
953
954
955
956
957
958
959
960
961
962
963
964
965
966
967
968
969
970
971
972
973
974
975
976
977
978
979
980
981
982
983
984
985
986
987
988
989
990
991
992
993
994
995
996
997
998
999
1000
1001
1002
1003
1004
1005
1006
1007
1008
1009
1010
1011
1012
1013
1014
1015
1016
1017
1018
1019
1020
1021
1022
1023
1024
1025
1026
1027
1028
1029
1030
1031
1032
1033
1034
1035
1036
1037
1038
1039
1040
1041
1042
1043
1044
1045
1046
1047
1048
1049
1050
1051
1052
1053
1054
1055
1056
1057
1058
1059
1060
1061
1062
1063
1064
1065
1066
1067
1068
1069
1070
1071
1072
1073
1074
1075
1076
1077
1078
1079
1080
1081
1082
1083
1084
1085
1086
1087
1088
1089
1090
1091
1092
1093
1094
1095
1096
1097
1098
1099
1100
1101
1102
1103
1104
1105
1106
1107
1108
1109
1110
1111
1112
1113
1114
1115
1116
1117
1118
1119
1120
1121
1122
1123
1124
1125
1126
1127
1128
1129
1130
1131
1132
1133
1134
1135
1136
1137
1138
1139
1140
1141
1142
1143
1144
1145
1146
1147
1148
1149
1150
1151
1152
1153
1154
1155
1156
1157
1158
1159
1160
1161
1162
1163
1164
1165
1166
1167
1168
1169
1170
1171
1172
1173
1174
1175
1176
1177
1178
1179
1180
1181
1182
1183
1184
1185
1186
1187
1188
1189
1190
1191
1192
1193
1194
1195
1196
1197
1198
1199
1200
1201
1202
1203
1204
1205
1206
1207
1208
1209
1210
1211
1212
1213
1214
1215
1216
1217
1218
1219
1220
1221
1222
1223
1224
1225
1226
1227
1228
1229
1230
1231
1232
1233
1234
1235
1236
1237
1238
1239
1240
1241
1242
1243
1244
1245
1246
1247
1248
1249
1250
1251
1252
1253
1254
1255
1256
1257
1258
1259
1260
1261
1262
1263
1264
1265
1266
1267
1268
1269
1270
1271
1272
1273
1274
1275
1276
1277
1278
1279
1280
1281
1282
1283
1284
1285
1286
1287
1288
1289
1290
1291
1292
1293
1294
1295
1296
1297
1298
1299
1300
1301
1302
1303
1304
1305
1306
1307
1308
1309
1310
1311
1312
1313
1314
1315
1316
1317
1318
1319
1320
1321
1322
1323
1324
1325
1326
1327
1328
1329
1330
1331
1332
1333
1334
1335
1336
1337
1338
1339
1340
1341
1342
1343
1344
1345
1346
1347
1348
1349
1350
1351
1352
1353
1354
1355
1356
1357
1358
1359
1360
1361
1362
1363
1364
1365
1366
1367
1368
1369
1370
1371
1372
1373
1374
1375
1376
1377
1378
1379
1380
1381
1382
1383
1384
1385
1386
1387
1388
1389
1390
1391
1392
1393
1394
1395
1396
1397
1398
1399
1400
1401
1402
1403
1404
1405
1406
1407
1408
1409
1410
1411
1412
1413
1414
1415
1416
1417
1418
1419
1420
1421
1422
1423
1424
1425
1426
1427
1428
1429
1430
1431
1432
1433
1434
1435
1436
1437
1438
1439
1440
1441
1442
1443
1444
1445
1446
1447
1448
1449
1450
1451
1452
1453
1454
1455
1456
1457
1458
1459
1460
1461
1462
1463
1464
1465
1466
1467
1468
1469
1470
1471
1472
1473
1474
1475
1476
1477
1478
1479
1480
1481
1482
1483
1484
1485
1486
1487
1488
1489
1490
1491
1492
1493
1494
1495
1496
1497
1498
1499
1500
1501
1502
1503
1504
1505
1506
1507
1508
1509
1510
1511
1512
1513
1514
1515
1516
1517
1518
1519
1520
1521
1522
1523
1524
1525
1526
1527
1528
1529
1530
1531
1532
1533
1534
1535
1536
1537
1538
1539
1540
1541
1542
1543
1544
1545
1546
1547
1548
1549
1550
1551
1552
1553
1554
1555
1556
1557
1558
1559
1560
1561
1562
1563
1564
1565
1566
1567
1568
1569
1570
1571
1572
1573
1574
1575
1576
1577
1578
1579
1580
1581
1582
1583
1584
1585
1586
1587
1588
1589
1590
1591
1592
1593
1594
1595
1596
1597
1598
1599
1600
1601
1602
1603
1604
1605
1606
1607
1608
1609
1610
1611
1612
1613
1614
1615
1616
1617
1618
1619
1620
1621
1622
1623
1624
1625
1626
1627
1628
1629
1630
1631
1632
1633
1634
1635
1636
1637
1638
1639
1640
1641
1642
1643
1644
1645
1646
1647
1648
1649
1650
1651
1652
1653
1654
1655
1656
1657
1658
1659
1660
1661
1662
1663
1664
1665
1666
1667
1668
1669
1670
1671
1672
1673
1674
1675
1676
1677
1678
1679
1680
1681
1682
1683
1684
1685
1686
1687
1688
1689
1690
1691
1692
1693
1694
1695
1696
1697
1698
1699
1700
1701
1702
1703
1704
1705
1706
1707
1708
1709
1710
1711
1712
1713
1714
1715
1716
1717
1718
1719
1720
1721
1722
1723
1724
1725
1726
1727
1728
1729
1730
1731
1732
1733
1734
1735
1736
1737
1738
1739
1740
1741
1742
1743
1744
1745
1746
1747
1748
1749
1750
1751
1752
1753
1754
1755
1756
1757
1758
1759
1760
1761
1762
1763
1764
1765
1766
1767
1768
1769
1770
1771
1772
1773
1774
1775
1776
1777
1778
1779
1780
1781
1782
1783
1784
1785
1786
1787
1788
1789
1790
1791
1792
1793
1794
1795
1796
1797
1798
1799
1800
1801
1802
1803
1804
1805
1806
1807
1808
1809
1810
1811
1812
1813
1814
1815
1816
1817
1818
1819
1820
1821
1822
1823
1824
1825
1826
1827
1828
1829
1830
1831
1832
1833
1834
1835
1836
1837
1838
1839
1840
1841
1842
1843
1844
1845
1846
1847
1848
1849
1850
1851
1852
1853
1854
1855
1856
1857
1858
1859
1860
1861
1862
1863
1864
1865
1866
1867
1868
1869
1870
1871
1872
1873
1874
1875
1876
1877
1878
1879
1880
1881
1882
1883
1884
1885
1886
1887
1888
1889
1890
1891
1892
1893
1894
1895
1896
1897
1898
1899
1900
1901
1902
1903
1904
1905
1906
1907
1908
1909
1910
1911
1912
1913
1914
1915
1916
1917
1918
1919
1920
1921
1922
1923
1924
1925
1926
1927
1928
1929
1930
1931
1932
1933
1934
1935
1936
9.788639913267399 5.124999999992542 0
4.875000000000012 9.783493649053892 0
0.2038916390950418 4.878904315177184 0
5.124999999994973 0.2165063509483565 0
9.775766954021019 3.884383961355297 0
3.874999999992051 0.2165063509459539 0
0.2350050481466731 6.101839709395707 0
6.119638661073132 9.795251180354352 0
6.374999999994284 0.2165063509464058 0
0.2244871376191841 3.611195725282218 0
9.783493649053561 6.374999999994476 0
3.625000000000014 9.783493649053892 0
9.761247468406143 2.610323981948679 0
2.624999999996613 0.2165063509485177 0
7.375000000000754 9.77019527994203 0
0.2512722697199559 7.368098008594043 0
7.374999999995801 0.2165063509464106 0
9.762365182742982 7.375599286093736 0
0.2121264440082177 2.625000000000016 0
2.625000000000754 9.770195279943263 0
8.374999999997275 0.2165063509462791 0
0.2165063509461112 1.625000000000015 0
9.783493649053559 8.374999999997517 0
1.624946040978245 9.779728237688696 0
1.624999999999434 0.2165063509486412 0
9.783493649054522 1.624999999997914 0
8.374557634235101 9.769980300678981 0
0.2165063509461096 8.375000000000004 0
9.124999999998682 0.2165063509464031 0
9.761385663984825 9.108338161173998 0
0.2221998638673978 0.8724301854832051 0
0.8750000000015574 9.76992135965642 0
9.124139383834716 9.765294171328009 0
0.2278720158270692 9.110289522975268 0
0.8749999999998503 0.2165063509475025 0
9.758287528841393 0.8511984872015541 0
4.37499999999424 0.2165063509489654 0
9.761747278752852 4.352929529954218 0
5.874999999994184 0.216506350946056 0
9.762170777999694 5.631623253004284 0
7.87499999999679 0.2165063509464331 0
9.762439664743788 7.838850131022501 0
6.874999999995231 0.2165063509464381 0
9.783940940095601 6.87422526918481 0
0.2481744074848057 2.136009734029302 0
0.2165063509461089 3.125000000000015 0
0.1985876840666823 4.138084062915301 0
0.2112990816042947 7.875000000000002 0
5.628699927379921 9.785629803122662 0
4.374139383834195 9.76529417132892 0
7.875000000000756 9.770467192333751 0
2.125000000001126 9.769921359655928 0
0.2225891206782327 5.628059616847692 0
3.125000000000015 9.783493649053892 0
0.2234292854198571 6.859783395427134 0
6.864759076751493 9.780798559598177 0
3.124999999996194 0.2165063509488429 0
2.12499999999795 0.2165063509486283 0
9.783493649054524 3.12499999999353 0
9.761617709589119 2.145093568121269 0
9.615331216350539 0.2109240761039857 0
0.2264243118607551 0.3979564047660379 0
9.785028013629518 9.626088359519306 0
0.3842363522300659 9.774759603234516 0
9.37338853605754 0.2155759718058906 0
9.249731422675335 0.4328576387024421 0
8.99995523711133 0.4329868580273882 0
9.12494777663043 0.6494889016628193 0
8.874983835622716 0.6495097203317945 0
8.999988602041579 0.8660188231710504 0
8.749995406276575 0.8660227515980485 0
8.874997334719188 1.082530215930858 0
8.624998790165273 1.082531056233144 0
8.749999354147006 1.299037732794067 0
8.499999690718386 1.299037927113733 0
8.624999840810744 1.515544364715512 0
8.37499992192131 1.515544411544794 0
8.499999960455312 1.732050784738326 0
8.249999980396014 1.732050796251182 0
8.374999990141985 1.948557152824116 0
8.124999995089706 1.948557155680652 0
8.249999997539025 2.165063508040963 0
7.99999999877155 2.165063508752456 0
8.12499999938545 2.381569860052927 0
7.874999999692975 2.38156986023051 0
7.999999999846698 2.5980762112652 0
7.749999999923505 2.598076211309686 0
7.874999999962135 2.81458256227791 0
7.624999999981256 2.814582562289121 0
7.749999999991041 3.031088913240709 0
7.499999999995785 3.031088913243617 0
7.624999999998377 3.247595264191054 0
7.374999999999558 3.247595264191905 0
7.500000000000592 3.464101615138435 0
7.250000000000684 3.464101615138662 0
7.375000000000959 3.680607966084788 0
7.125000000000959 3.680607966084937 0
7.250000000001085 3.897114317030971 0
7.000000000000957 3.897114317031245 0
7.12500000000119 4.113620667977173 0
6.875000000001041 4.113620667977445 0
7.000000000001308 4.330127018923364 0
6.750000000001222 4.330127018923565 0
6.875000000001446 4.546633369869539 0
6.625000000001448 4.546633369869686 0
6.500000000001231 4.330127018923802 0
6.37500000000145 4.546633369869852 0
6.250000000001322 4.330127018923918 0
6.125000000001465 4.546633369869997 0
6.000000000001382 4.330127018923985 0
5.875000000001476 4.54663336987013 0
5.750000000001345 4.330127018924081 0
5.625000000001471 4.546633369870266 0
5.500000000001255 4.33012701892428 0
5.375000000001458 4.546633369870421 0
5.250000000001366 4.33012701892441 0
5.125000000001475 4.54663336987057 0
5.000000000001393 4.330127018924665 0
6.500000000001603 4.76313972081587 0
5.250000000001599 4.763139720816599 0
5.000000000001602 4.763139720816747 0
5.125000000001728 4.97964607176278 0
4.875000000001728 4.979646071762927 0
5.000000000001855 5.196152422708963 0
4.750000000001854 5.19615242270911 0
4.875000000001983 5.412658773655147 0
4.625000000001983 5.412658773655294 0
4.500000000001855 5.196152422709258 0
4.375000000001982 5.412658773655441 0
4.250000000001855 5.196152422709407 0
4.125000000001982 5.412658773655588 0
4.500000000002112 5.629165124601476 0
4.000000000001855 5.196152422709554 0
3.875000000001982 5.412658773655739 0
5.375000000001172 4.113620667978405 0
3.750000000001853 5.196152422709702 0
7.249999999999572 3.031088913246159 0
3.625000000001982 5.412658773655886 0
3.500000000001853 5.19615242270985 0
3.375000000001983 5.412658773656034 0
3.500000000002111 5.62916512460207 0
3.250000000001855 5.196152422709998 0
3.375000000001723 4.979646071763815 0
3.250000000002111 5.629165124602218 0
3.375000000002237 5.845671475548253 0
3.125000000002238 5.8456714755484 0
3.250000000002363 6.062177826494432 0
3.125000000001716 4.979646071763971 0
3.250000000001591 4.76313972081779 0
3.000000000002365 6.062177826494584 0
3.125000000002494 6.278684177440617 0
3.000000000001597 4.763139720817947 0
3.125000000001468 4.546633369871778 0
2.875000000001482 4.546633369871932 0
3.000000000001358 4.330127018925777 0
7.125000000001466 4.546633369869378 0
2.875000000002498 6.278684177440772 0
3.000000000002628 6.495190528386805 0
3.250000000002623 6.495190528386654 0
3.125000000002758 6.711696879332839 0
3.375000000002757 6.711696879332692 0
3.250000000002886 6.928203230278877 0
3.50000000000288 6.928203230278726 0
3.000000000002884 6.92820323027903 0
2.750000000001582 4.763139720818102 0
2.75000000000139 4.330127018925934 0
2.875000000001251 4.113620667979813 0
3.375000000003013 7.144709581224911 0
3.625000000003014 7.14470958122476 0
2.625000000001332 4.113620667979957 0
2.750000000001166 3.897114317033861 0
3.000000000001048 3.8971143170337 0
2.875000000000981 3.68060796608777 0
3.125000000000834 3.680607966087614 0
3.000000000000794 3.464101615141709 0
3.250000000000611 3.464101615141578 0
3.125000000000589 3.247595264195662 0
3.375000000000397 3.247595264195603 0
2.875000000000899 3.2475952641957 0
3.250000000000379 3.03108891324964 0
3.500000000000224 3.031088913249592 0
3.375000000000165 2.814582562303589 0
3.625000000000035 2.81458256230349 0
7.749999999743972 2.165063509314234 0
2.500000000001265 3.897114317034004 0
3.499999999999957 2.59807621135755 0
3.749999999999833 2.598076211357366 0
3.250000000000138 2.598076211357704 0
7.50000000000118 3.89711431703082 0
3.500000000003146 7.361215932170942 0
3.750000000003148 7.361215932170793 0
2.375000000001428 4.113620667980097 0
5.125000000001982 5.412658773654999 0
3.625000000003277 7.577722283116977 0
3.875000000003276 7.577722283116828 0
3.375000000003274 7.577722283117126 0
4.00000000000315 7.361215932170644 0
4.125000000003276 7.57772228311668 0
4.250000000003151 7.361215932170497 0
4.375000000003276 7.577722283116531 0
4.500000000003151 7.36121593217035 0
4.625000000003274 7.577722283116389 0
4.750000000003146 7.361215932170208 0
4.875000000003272 7.577722283116254 0
5.000000000003141 7.361215932170063 0
5.125000000003272 7.57772228311611 0
5.250000000003141 7.361215932169914 0
5.375000000003274 7.577722283115943 0
5.500000000003149 7.361215932169767 0
5.625000000003273 7.577722283115786 0
5.750000000003149 7.361215932169622 0
5.875000000003272 7.577722283115648 0
6.00000000000315 7.36121593216948 0
6.125000000003276 7.577722283115514 0
6.250000000003141 7.36121593216934 0
6.375000000003273 7.577722283115372 0
6.500000000003139 7.361215932169198 0
6.625000000003269 7.57772228311523 0
6.750000000003149 7.361215932169051 0
6.875000000003271 7.577722283115088 0
7.000000000003151 7.36121593216891 0
7.12500000000327 7.577722283114948 0
7.250000000003149 7.361215932168768 0
7.37500000000327 7.577722283114807 0
7.12500000000303 7.14470958122273 0
7.375000000003029 7.14470958122259 0
7.25000000000291 6.928203230276551 0
7.50000000000291 6.928203230276411 0
6.125000000002998 7.144709581223302 0
3.374999999999891 2.381569860411683 0
3.125000000000121 2.381569860411841 0
7.375000000002783 6.711696879330368 0
7.625000000002785 6.711696879330231 0
2.250000000001362 3.897114317034138 0
7.750000000002909 6.928203230276277 0
2.750000000002363 6.062177826494736 0
2.625000000002497 6.278684177440924 0
2.500000000002365 6.062177826494892 0
2.375000000002498 6.278684177441076 0
2.250000000002366 6.062177826495043 0
2.12500000000152 4.113620667980236 0
6.500000000003397 7.794228634061398 0
5.250000000003401 7.794228634062131 0
4.000000000003409 7.794228634062849 0
7.874999999998977 3.247595264191176 0
2.125000000002498 6.278684177441228 0
7.875000000002787 6.711696879330098 0
7.750000000002663 6.49519052838405 0
3.874999999999945 2.814582562303356 0
3.999999999999784 2.598076211357171 0
7.250000000003393 7.794228634060987 0
7.500000000003393 7.794228634060844 0
3.249999999999839 2.165063509465868 0
3.000000000000116 2.165063509466027 0
6.875000000000664 3.680607966085508 0
8.000000000002666 6.495190528383919 0
7.875000000002552 6.278684177437878 0
2.000000000001508 3.897114317034306 0
8.00000000000291 6.928203230276138 0
2.000000000002366 6.062177826495192 0
4.124999999999898 2.814582562303197 0
4.249999999999757 2.598076211357027 0
4.124999999999632 2.381569860410986 0
4.374999999999613 2.381569860410852 0
4.249999999999479 2.165063509464833 0
4.499999999999472 2.165063509464673 0
4.624999999999611 2.381569860410701 0
4.749999999999479 2.165063509464517 0
4.874999999999612 2.381569860410549 0
4.999999999999481 2.165063509464364 0
5.124999999999613 2.381569860410396 0
5.24999999999948 2.16506350946421 0
5.374999999999613 2.381569860410243 0
5.49999999999948 2.165063509464056 0
1.875000000001612 4.113620667980381 0
8.125000000002551 6.278684177437741 0
8.000000000002432 6.062177826491701 0
7.75000000000243 6.062177826491839 0
1.875000000002497 6.278684177441379 0
2.000000000002627 6.495190528387412 0
7.375000000003515 8.010734985007026 0
7.625000000003515 8.010734985006884 0
4.62499999999934 1.948557158518487 0
5.374999999999347 1.948557158518024 0
5.624999999999345 1.948557158517869 0
3.375000000000648 3.6806079660876 0
5.624999999999614 2.38156986041009 0
5.375000000003006 7.144709581223734 0
3.124999999999812 1.948557158520092 0
2.875000000000125 1.94855715852026 0
2.750000000000416 2.165063509466171 0
2.625000000000441 1.948557158520422 0
2.500000000000732 2.165063509466327 0
2.375000000000756 1.948557158520577 0
2.250000000001048 2.165063509466493 0
2.125000000001062 1.948557158520726 0
2.000000000001343 2.165063509466662 0
1.875000000001348 1.948557158520868 0
8.124999983719139 1.515544447224228 0
7.875000000002313 5.845671475545662 0
8.125000000002313 5.845671475545524 0
8.000000000002192 5.629165124599486 0
8.249999999872657 2.598076211280131 0
8.250000000002194 5.629165124599346 0
8.125000000002061 5.412658773653312 0
1.750000000001616 2.165063509466826 0
1.750000000002366 6.062177826495347 0
1.875000000002233 5.845671475549159 0
1.750000000001599 3.897114317034444 0
1.750000000002626 6.495190528387564 0
1.875000000002754 6.711696879333601 0
5.499999999999212 1.732050807571836 0
5.749999999999211 1.732050807571682 0
7.625000000002314 5.845671475545799 0
4.999999999999741 2.598076211356581 0
7.500000000003635 8.227241335953066 0
7.750000000003646 8.227241335952929 0
1.62500000000169 4.113620667980521 0
2.250000000000827 1.732050807574851 0
2.999999999999816 1.732050807574335 0
1.750000000001759 4.330127018926498 0
7.125000000002776 6.71169687933052 0
4.125000000001618 4.979646071763432 0
4.625000000003022 7.144709581224169 0
7.875000000003515 8.010734985006749 0
8.000000000003638 8.227241335952789 0
8.125000000003515 8.010734985006613 0
8.250000000003638 8.227241335952645 0
3.249999999999487 1.732050807574165 0
1.875000000001631 2.381569860412636 0
8.375000000003512 8.010734985006462 0
1.625000000002756 6.711696879333748 0
1.750000000002882 6.928203230279785 0
1.625000000002271 5.845671475549269 0
1.625000000001868 2.381569860412805 0
8.375000000002078 5.412658773653172 0
8.250000000001936 5.196152422707145 0
1.625000000001621 1.948557158521011 0
3.62500000000274 6.711696879332533 0
8.500000000002197 5.629165124599206 0
1.500000000001826 4.330127018926637 0
8.500000000001966 5.196152422707002 0
8.375000000001824 4.979646071760973 0
8.125000000003771 8.443747686898826 0
8.375000000003766 8.443747686898677 0
1.500000000002882 6.928203230279927 0
1.625000000003011 7.144709581225964 0
1.875000000003008 7.144709581225823 0
1.750000000003133 7.361215932172001 0
2.000000000003131 7.36121593217186 0
1.875000000003253 7.57772228311804 0
1.625000000003253 7.577722283118179 0
1.750000000003375 7.79422863406422 0
2.000000000003375 7.794228634064078 0
1.875000000003499 8.010734985010261 0
2.125000000003499 8.010734985010117 0
2.000000000003622 8.227241335956297 0
2.250000000003621 8.227241335956153 0
1.750000000003626 8.227241335956446 0
1.875000000003755 8.44374768690248 0
1.625000000003757 8.443747686902636 0
1.500000000001613 3.89711431703454 0
5.624999999999078 1.51554445662565 0
5.874999999999078 1.515544456625498 0
5.99999999999921 1.732050807571532 0
6.124999999999081 1.515544456625348 0
6.249999999999209 1.732050807571384 0
6.374999999999082 1.515544456625199 0
6.499999999999211 1.732050807571236 0
6.624999999999082 1.515544456625051 0
8.625000000001851 4.979646071760824 0
8.50000000000173 4.763139720814782 0
1.375000000002757 6.711696879333891 0
3.124999999999507 1.515544456628431 0
3.374999999999151 1.515544456628253 0
1.62500000000191 4.54663336987263 0
1.750000000001908 2.598076211358645 0
1.500000000002105 2.598076211358792 0
3.375000000001437 4.546633369871616 0
6.125000000001247 4.113620667978005 0
5.374999999999078 1.515544456625805 0
7.250000000003632 8.227241335953199 0
7.375000000003745 8.443747686899243 0
7.125000000003744 8.443747686899371 0
6.374999999999339 1.948557158517419 0
1.375000000001961 4.546633369872767 0
8.624999991766639 1.948557153762488 0
6.624999999999339 1.948557158517272 0
6.499999999999469 2.165063509463454 0
8.250000000001707 4.763139720814935 0
8.375000000001613 4.546633369868743 0
8.625000000001615 4.546633369868601 0
8.500000000001497 4.33012701892256 0
5.499999999998943 1.299038105679617 0
5.249999999998944 1.299038105679772 0
2.125000000001335 3.680607966088175 0
8.250000000003901 8.660254037844862 0
8.500000000003908 8.660254037844709 0
7.250000000003853 8.660254037845416 0
7.00000000000385 8.66025403784554 0
1.750000000003892 8.66025403784867 0
1.500000000003897 8.660254037848834 0
1.375000000003757 8.4437476869028 0
1.2500000000039 8.660254037848995 0
8.750000000001473 4.330127018922395 0
8.62500000000138 4.113620667976385 0
1.250000000002881 6.92820323028007 0
3.249999999999191 1.299038105682528 0
3.499999999998816 1.299038105682357 0
2.999999999999601 1.299038105682674 0
6.499999999998956 1.299038105679015 0
6.749999999998956 1.299038105678868 0
1.500000000002055 4.763139720818773 0
1.250000000002022 4.763139720818917 0
2.375000000003498 8.010734985009975 0
2.500000000003622 8.227241335956013 0
2.625000000002227 5.845671475548705 0
8.250000000002666 6.495190528383779 0
5.99999999999895 1.299038105679313 0
1.75000000000136 1.732050807575139 0
1.500000000001631 1.732050807575217 0
1.625000000001367 1.515544456629358 0
1.375000000001658 1.515544456629426 0
1.250000000001852 1.732050807575292 0
1.500000000001433 1.299038105683473 0
1.25000000000169 1.299038105683632 0
1.750000000001263 1.299038105683495 0
6.000000000001607 4.763139720816157 0
3.62500000000223 5.845671475548103 0
5.499999999999746 2.598076211356275 0
5.749999999999747 2.59807621135612 0
5.624999999999881 2.814582562302307 0
5.874999999999883 2.81458256230215 0
5.750000000000016 3.031088913248337 0
5.500000000000007 3.031088913248489 0
7.875000000002019 5.412658773653479 0
4.500000000003395 7.794228634062568 0
5.000000000002112 5.62916512460118 0
5.25000000000211 5.629165124601035 0
5.125000000002236 5.845671475547217 0
5.375000000002236 5.845671475547075 0
5.500000000002112 5.629165124600894 0
5.625000000002236 5.845671475546931 0
5.750000000002115 5.629165124600755 0
5.875000000002236 5.845671475546796 0
5.750000000002354 6.062177826492973 0
6.000000000002353 6.062177826492837 0
6.125000000002236 5.845671475546661 0
6.25000000000235 6.062177826492705 0
6.375000000002242 5.845671475546533 0
3.500000000003406 7.79422863406316 0
7.000000000001589 4.763139720815562 0
8.750000000001966 5.196152422706864 0
5.250000000002357 6.062177826493252 0
6.000000000003388 7.794228634061673 0
5.000000000002359 6.062177826493395 0
2.37500000000375 8.443747686902187 0
2.625000000003751 8.443747686902046 0
2.500000000003881 8.66025403784823 0
2.750000000003883 8.66025403784808 0
8.625000000003762 8.443747686898522 0
8.75000000000391 8.660254037844552 0
6.874999999999083 1.515544456624904 0
6.999999999998953 1.299038105678719 0
7.499999999984311 2.598076211344933 0
6.000000000000018 3.031088913248182 0
1.750000000002014 4.763139720818627 0
2.375000000001084 2.381569860412278 0
4.000000000000041 3.031088913249364 0
4.250000000000004 3.031088913249217 0
4.125000000000132 3.247595264195382 0
4.375000000000107 3.247595264195239 0
4.250000000000234 3.464101615141405 0
8.374999746813012 1.082531608554268 0
1.625000000001724 3.680607966088497 0
1.375000000001566 3.680607966088561 0
4.500000000000218 3.464101615141266 0
4.375000000000341 3.680607966087424 0
1.250000000001677 3.897114317034668 0
1.125000000002756 6.711696879334033 0
8.875000000001602 4.546633369868404 0
1.125000000001946 4.546633369872895 0
1.125000000001603 3.680607966088679 0
1.125000000003753 8.443747686902949 0
8.875000000003784 8.443747686898366 0
8.874999865826211 1.515544379158444 0
8.625000000004054 8.876760388790739 0
7.125000000003952 8.876760388791585 0
6.875000000003955 8.87985202916752 0
7.375000000003976 8.876760388791459 0
6.750000000003852 8.660769311241632 0
6.625000000003954 8.88045318146294 0
6.500000000003848 8.660955382190304 0
6.375391654888602 8.877266622908152 0
6.250065275817951 8.660455300922708 0
6.126672672638674 8.882314407278074 0
6.000289658078653 8.66121325143985 0
5.876531917755822 8.883508151812425 0
5.750303595974956 8.661538533948523 0
5.625305918957793 8.884346857628959 0
5.500101585824662 8.661732532002812 0
5.375067917466412 8.884518974940862 0
5.250028250551049 8.661793551230597 0
5.125016028005581 8.878310072048077 0
5.000000000003838 8.660254037846629 0
4.875002671337571 8.877018669335392 0
4.750000445226103 8.660297084603881 0
4.625000519429943 8.876810610009583 0
4.500000041854811 8.660258084250076 0
4.37500009355013 8.876769433396412 0
4.250000022570027 8.660256219681497 0
4.125000019356031 8.876762259866222 0
4.00000000182245 8.660254213681418 0
3.879379904264144 8.874231993078117 0
3.75072998435031 8.659832667867203 0
3.625000000003962 8.876760388793564 0
1.375000000004049 8.876760388795024 0
1.125000000004049 8.876760388795194 0
8.875000000004054 8.876760388790576 0
8.875000000001348 4.113620667976219 0
8.750000000001243 3.897114317030253 0
3.374999999998863 1.08253175473664 0
3.62499999999847 1.08253175473647 0
3.749999999998485 1.2990381056822 0
3.874999999998187 1.082531754736219 0
1.375000000001462 1.082531754737689 0
1.125000000001728 1.082531754737868 0
5.374999999998807 1.082531754733585 0
5.124999999998887 1.082531754733787 0
8.5000000000013 3.897114317030372 0
8.625000000001194 3.680607966084251 0
8.875000000001082 3.680607966084154 0
8.750000000001057 3.46410161513822 0
6.624999999998832 1.082531754732832 0
1.250000000001449 3.464101615142567 0
8.125000000001609 4.546633369868882 0
7.250000000001593 4.763139720815416 0
7.125000000001714 4.979646071761596 0
2.875000000003766 8.443747686901887 0
6.250000000002128 5.629165124600489 0
6.500000000002131 5.629165124600362 0
6.625000000002238 5.845671475546411 0
5.125000000002477 6.278684177439434 0
4.875000000002478 6.278684177439571 0
5.875000000002469 6.278684177439016 0
2.125000000003005 7.144709581225681 0
8.250000000003393 7.794228634060429 0
8.500000000003386 7.794228634060277 0
1.375000000002179 4.979646071764927 0
1.125000000001983 4.979646071765126 0
3.999999999998222 1.299038105681948 0
4.124999999997884 1.082531754735983 0
7.124999999999083 1.515544456624754 0
7.24999999999895 1.299038105678567 0
7.124999999998824 1.082531754732533 0
7.374999999998818 1.08253175473238 0
5.875000000000153 3.247595264194368 0
2.62500000000401 8.876760388794267 0
1.000000000002882 6.928203230280216 0
3.499999999999126 1.732050807573986 0
2.625000000003503 8.010734985009826 0
6.74999999999947 2.165063509463303 0
6.624999999999602 2.381569860409487 0
6.125000000000155 3.247595264194214 0
1.000000000001528 3.464101615142694 0
9.000000000000906 3.4641016151381 0
8.875000000000909 3.247595264192203 0
1.000000000001973 1.299038105683727 0
8.750000000004196 9.093266739736766 0
8.500000000004196 9.093266739736929 0
6.500000000004053 9.093266739738011 0
5.260218251233841 9.105668799734945 0
4.006303678808796 9.08962749832228 0
1.247470105610106 9.091806104531777 0
1.491697558611572 9.095085488285713 0
9.121793005586866 1.084380607346733 0
0.999578350938486 9.0930233005398 0
9.00000000000419 9.093266739736606 0
0.8749297251596971 8.87671981559504 0
9.125000000004057 8.876760388790425 0
1.000000000001734 3.897114317034795 0
1.250000000001427 0.8660254037919659 0
1.50000000000145 0.866025403791879 0
1.000000000001742 0.866025403792122 0
3.499999999998492 0.866025403790749 0
3.249999999998918 0.8660254037909565 0
1.625000000002084 2.81458256230465 0
1.875000000001966 2.814582562304493 0
8.625000000001052 3.247595264192298 0
8.750000000000867 3.031088913246251 0
9.000000000000689 3.0310889132462 0
8.875000000000698 2.814582562300293 0
1.125000000001609 3.247595264196568 0
6.750000000002125 5.629165124600239 0
6.875000000002236 5.845671475546286 0
1.500000000003374 7.794228634064361 0
6.750000000002346 6.062177826492457 0
5.625000000001994 5.412658773654714 0
7.375000000001467 4.546633369869231 0
7.50000000000162 4.763139720815293 0
3.000000000001847 5.196152422710147 0
2.375000000004017 8.876760388794411 0
4.125000000003025 7.144709581224464 0
4.750000000001601 4.76313972081689 0
6.625000000002993 7.144709581223037 0
7.500000000002432 6.062177826491976 0
2.250000000003132 7.361215932171717 0
2.500000000002627 6.495190528387111 0
8.375000000002554 6.278684177437603 0
8.500000000002672 6.49519052838364 0
8.625000000002558 6.278684177437465 0
8.750000000002675 6.495190528383504 0
8.625000000002789 6.71169687932968 0
8.875000000002558 6.278684177437327 0
8.875000000002792 6.711696879329546 0
8.75000000000291 6.928203230275725 0
9.000000000002906 6.928203230275589 0
4.999999999998957 1.299038105679936 0
4.874999999998825 1.082531754734265 0
1.375000000003253 7.577722283118323 0
1.250000000003374 7.794228634064511 0
1.125000000003249 7.577722283118469 0
1.000000000003374 7.794228634064659 0
7.875000000003031 7.144709581222316 0
8.875000000003036 7.144709581221769 0
8.125000000003032 7.144709581222175 0
4.125000000000364 3.680607966087563 0
4.250000000000466 3.897114317033577 0
4.000000000000499 3.89711431703371 0
4.125000000000568 4.113620667979711 0
2.875000000004013 8.87676038879412 0
4.625000000000095 3.247595264195098 0
4.75000000000021 3.464101615141133 0
1.50000000000237 6.062177826495502 0
1.375000000002319 5.845671475549409 0
6.250000000000015 3.031088913248026 0
5.000000000002595 6.495190528385616 0
4.750000000002593 6.49519052838575 0
5.250000000002595 6.495190528385476 0
7.00000000000213 5.629165124600076 0
4.625000000002478 6.278684177439706 0
4.500000000002594 6.495190528385881 0
4.375000000002476 6.278684177439843 0
1.250000000002383 6.062177826495647 0
1.125000000002328 5.845671475549578 0
1.000000000002384 6.062177826495796 0
2.250000000001571 4.330127018926207 0
5.625067530302385 8.44420818527661 0
4.875000074207439 8.443754861360102 0
1.37500000000207 2.381569860412948 0
3.000000000000357 2.598076211357831 0
1.750000000002182 5.629165124603032 0
2.000000000002103 5.629165124602966 0
4.74999999999895 1.299038105680196 0
7.37499999999908 1.515544456624606 0
7.24999999999921 1.73205080757079 0
1.250000000002288 2.598076211358954 0
1.125000000002238 2.381569860413084 0
1.000000000002445 2.598076211359027 0
0.8750000000027527 6.711696879334184 0
9.120659400960545 6.709190833303929 0
0.876896555339773 2.380474883678637 0
6.991810661044103 9.100585415611926 0
5.751079406253956 9.113172673637161 0
4.500000102166117 9.093276617375805 0
2.75000000000413 9.093266739740301 0
2.997527492016234 9.091839236587777 0
9.125000000003036 7.144709581221623 0
9.000000000003183 7.3612159321678 0
0.8717855101876268 5.84752736210955 0
0.8750000000032516 7.577722283118618 0
9.125000000000899 3.680607966083986 0
9.125000000000437 2.814582562300269 0
9.000000000000526 2.598076211354471 0
0.8750000000014961 3.247595264196711 0
3.999999999997875 0.8660254037901987 0
4.249999999997589 0.8660254037899708 0
5.249999999998765 0.8660254037876074 0
5.499999999998689 0.8660254037874084 0
7.24999999999869 0.8660254037863788 0
7.499999999998684 0.8660254037862301 0
4.375000000000512 4.113620667979465 0
8.375000000001238 3.680607966084351 0
8.250000000001332 3.897114317030477 0
6.874999999999565 2.381569860409308 0
6.749999999999732 2.598076211355516 0
0.9994642516998402 5.629474439030151 0
1.75000000000221 3.031088913250538 0
2.000000000002037 3.031088913250312 0
6.625000000001994 5.41265877365417 0
8.000000000003897 8.660254037845011 0
4.875000000000095 3.247595264194954 0
5.00000000000021 3.464101615140995 0
3.250000000003407 7.794228634063311 0
3.125000000003273 7.577722283117279 0
3.375000000003533 8.010734985009346 0
2.375000000003005 7.144709581225534 0
2.500000000003133 7.36121593217157 0
1.875000000002056 5.412658773656851 0
2.125000000001972 5.412658773656776 0
6.249999999999468 2.165063509463601 0
7.000000000003635 8.227241335953325 0
4.250000000002595 6.495190528386023 0
4.375000010739905 8.443748724940505 0
3.875121664364573 8.44367748787689 0
4.125000000002471 6.27868417743999 0
6.375010879306089 8.443898121469962 0
3.500121664061616 8.660183809517505 0
7.624999999998815 1.082531754732234 0
7.749999999998685 0.8660254037860522 0
3.999999999999523 2.165063509464973 0
6.375000000000149 3.247595264194064 0
4.875000000000325 3.680607966087174 0
6.00000000000029 3.464101615140403 0
5.750000000000286 3.464101615140552 0
3.875000000000626 4.113620667979855 0
4.000000000000694 4.330127018925856 0
4.124999999999352 1.948557158518901 0
9.250000000000671 3.464101615138001 0
0.7500000000028845 6.928203230280364 0
9.250000000000195 2.598076211354441 0
9.125000000000298 2.381569860408651 0
0.7500000000016068 3.464101615142817 0
0.7461604705013337 5.631381877994583 0
8.625000000004343 9.31022344477374 0
8.375000000004345 9.309848149698256 0
1.121978181700289 9.308028443076132 0
0.8744260887760231 9.309441742885417 0
2.879938813271761 9.313594880213373 0
3.133071934108525 9.304036017986366 0
2.62582313554883 9.310410055607644 0
9.250000000003173 7.361215932167649 0
9.1250000000033 7.577722283113823 0
0.7630067799573967 2.60303073355323 0
9.250000000004189 9.093266739736453 0
9.375000000004055 8.87676038879027 0
0.7479299675530471 6.068875216537 0
0.7388354503181809 7.786857195053971 0
3.374999999998514 0.6495190528451467 0
3.124999999998998 0.649519052844418 0
1.125000000001455 0.6495190528462054 0
0.8750000000017351 0.6495190528451218 0
0.7500000000020025 0.8660254037921012 0
5.374999999998558 0.6495190528414068 0
8.875000000000618 2.381569860408695 0
9.000000000000391 2.165063509462837 0
9.250000000000046 2.165063509462803 0
9.125000000000163 1.948557158517019 0
4.249999999998204 1.299038105681498 0
5.124999999998474 0.6495190528419595 0
8.500000000000892 3.031088913246076 0
8.624996540314783 0.6495170553895666 0
5.624999999998171 0.6495190528406124 0
4.124999999997563 0.6495190528441965 0
4.374999999997349 0.6495190528439799 0
0.8742707870348978 5.413079784960432 0
0.6242385429240038 5.413098401106662 0
0.7500000000018481 5.196152422711528 0
1.250000000002319 5.196152422711081 0
9.250000000000409 3.031088913246133 0
2.9999999999994 0.8660254037909617 0
2.874999999999504 0.6495190528444252 0
2.749999999999913 0.8660254037910572 0
2.625000000000025 0.6495190528454904 0
2.500000000000449 0.8660254037914099 0
2.375000000000564 0.6495190528458412 0
2.250000000000988 0.866025403791592 0
2.375000000000792 1.082531754737214 0
2.125000000001106 0.6495190528460426 0
2.00000000000152 0.8660254037917767 0
1.875000000001635 0.6495190528462125 0
8.125000000001265 3.680607966084426 0
8.000000000001327 3.897114317030581 0
7.625000000001544 4.546633369869129 0
8.000000000001741 4.763139720815061 0
7.000000000002343 6.062177826492337 0
8.125000000004027 8.876760388791045 0
3.874999999997819 0.6495190528438491 0
7.875000000004018 8.876760388791194 0
8.000000000004162 9.093266739737231 0
7.750000000004143 9.093266739737377 0
0.8731392417226325 8.009506411842374 0
9.250000000003936 8.660254037844236 0
5.125000000002717 6.711696879331662 0
5.875000000001998 5.412658773654581 0
6.374999999998832 1.082531754732978 0
6.49999999999865 0.8660254037868167 0
6.24999999999863 0.8660254037869912 0
3.125000000003537 8.010734985009497 0
6.875000000002467 6.27868417743849 0
5.375000000001735 4.979646071762635 0
2.125000000002755 6.711696879333452 0
8.875000000001851 4.979646071760686 0
9.000000000001968 5.19615242270673 0
9.125000000001851 4.979646071760554 0
9.236805298545733 5.188534458268967 0
9.122800883092712 5.41138911291316 0
3.000000000002111 5.629165124602363 0
8.625000000003038 7.144709581221904 0
4.000000000002109 5.629165124601774 0
5.749999999998651 0.8660254037872117 0
5.87499999999735 0.6495190528399469 0
5.75000000000188 5.19615242270854 0
6.000000000001883 5.196152422708407 0
8.750000000002444 6.062177826491293 0
9.000000000002446 6.062177826491157 0
4.749999999999972 3.031088913248925 0
4.874999999999086 1.515544456626134 0
6.62500000000245 6.278684177438624 0
6.750000000002558 6.495190528384672 0
6.500000000002554 6.495190528384795 0
7.625000000003274 7.577722283114665 0
4.375000000002712 6.711696879332059 0
7.250000000002648 6.495190528384343 0
8.875000000002323 5.845671475545114 0
5.999999999999743 2.598076211355963 0
8.625000000003507 8.010734985006312 0
6.999999999999446 2.165063509463132 0
9.125000000002323 5.845671475544982 0
9.250000000002444 6.062177826491031 0
8.000000000003158 7.361215932168353 0
8.250000000003149 7.361215932168212 0
6.749999999998694 0.8660254037866502 0
3.87500000000019 3.247595264195552 0
6.499999999999734 2.598076211355667 0
6.624999999999869 2.8145825623017 0
6.87500000000172 4.979646071761737 0
4.999999999999983 3.031088913248781 0
4.250000000002356 6.062177826493814 0
5.375000000002726 6.711696879331525 0
2.125000000001775 2.814582562304316 0
2.250000000001855 3.031088913250121 0
2.375000000001589 2.814582562304136 0
4.125000000002712 6.711696879332196 0
3.499999999999611 2.165063509465624 0
3.625000000003529 8.010734985009188 0
1.000316092558419 2.164881013344763 0
0.7522653299886507 2.163755620589907 0
0.8754302370925583 1.948308761021307 0
7.624999999998067 0.6495190528397715 0
7.874999999997908 0.6495190528391959 0
3.250000000003662 8.227241335955519 0
8.250000000001195 3.464101615138336 0
2.000000000001926 5.196152422710673 0
2.25000000000184 5.196152422710595 0
2.37500000000195 5.412658773656634 0
2.500000000001808 5.196152422710463 0
2.375000000001687 4.979646071764439 0
3.875000000000422 3.680607966087694 0
3.874999999998611 1.515544456627773 0
5.875000000000506 3.680607966086537 0
7.874999999998789 1.08253175473207 0
7.74999999999892 1.299038105678257 0
7.499999999999204 1.732050807570605 0
7.374999999999326 1.948557158516648 0
6.624999999997902 0.6495190528403088 0
6.874999999998272 0.6495190528402883 0
6.999999999999742 2.598076211355361 0
5.125000000000434 3.680607966086993 0
5.250000000000249 3.464101615140844 0
4.624999999999059 1.515544456626381 0
1.875000000002188 3.247595264196316 0
5.625000000000503 3.68060796608668 0
6.125000000000615 3.680607966086328 0
9.369092422581808 1.951967899929492 0
9.24901540376349 1.732619264472935 0
0.6313568385995726 1.951708518870954 0
0.7511311792833608 1.732534634716972 0
0.6304271684396332 6.714830256492297 0
9.3750000000033 7.577722283113685 0
9.250000000003411 7.79422863405986 0
0.6250000000019649 0.6495190528450149 0
9.355083662200881 4.974150767955171 0
9.246680610368228 4.762223836846747 0
9.533170439315915 4.758538142494717 0
9.375000000001593 4.54663336986819 0
9.388658630586223 7.122165906296208 0
0.6250000000034938 8.010734985010968 0
0.7496898736234696 8.227036573762273 0
9.12500000000432 9.30977309068264 0
9.368812799579352 9.306200908851611 0
7.875000000004297 9.310306038971387 0
7.625000000004276 9.309861915398224 0
9.374946533216956 0.6399623427426838 0
9.375000000002327 5.845671475544859 0
9.384709395271409 5.387034695311009 0
0.6210621394263371 7.570579900217284 0
9.375120079009712 3.680607966083804 0
9.250020013169106 3.89711431702978 0
9.496268955782368 3.466267439082757 0
0.50456995869041 5.198937432073678 0
0.6304585279848171 4.982821978112995 0
5.499999999997861 0.4330127018947648 0
1.625000000002065 3.247595264196525 0
7.875000000001261 3.680607966084517 0
4.499999999997459 0.8660254037898264 0
4.624999999997383 0.6495190528436496 0
7.000000000001845 5.196152422707794 0
7.250000000001835 5.196152422707635 0
1.25000000000362 8.227241335956766 0
3.122115407351468 8.875094968449481 0
2.625000000001942 5.412658773656486 0
7.750000000003894 8.660254037845151 0
2.625000000003006 7.144709581225382 0
8.125000000001418 4.113620667976637 0
7.875000000001395 4.113620667976754 0
8.750000000003393 7.794228634060127 0
8.875000000003514 8.010734985006163 0
2.500000000002879 6.928203230279341 0
7.375000000002307 5.84567147554595 0
7.500000000002182 5.629165124599769 0
2.00000000000389 8.66025403784851 0
1.875000000004026 8.876760388794688 0
3.874999999999258 1.948557158519293 0
2.50000000000338 7.794228634063794 0
2.750000000003397 7.794228634063633 0
7.500000000001379 4.330127018923061 0
8.250000000002906 6.928203230275995 0
5.500000000002595 6.495190528385344 0
5.625000000002707 6.711696879331399 0
1.250000000003129 7.361215932172289 0
2.750000000003133 7.361215932171418 0
0.875000000003004 7.144709581226403 0
0.6323417631240603 7.148948350140801 0
1.375000000002505 6.278684177441685 0
8.625000000003286 7.577722283114106 0
0.7524678111526368 6.496615319819918 0
0.4676685820745277 6.501628442027839 0
4.000000000002352 6.062177826493969 0
3.875000000002473 6.278684177440155 0
1.125000000001812 4.113620667980784 0
0.8750000000018626 4.113620667980918 0
0.750000000001788 3.897114317034919 0
6.625000000002686 6.711696879330844 0
6.375000000002672 6.711696879330963 0
6.250000000002562 6.495190528384917 0
6.125000000002661 6.711696879331087 0
1.500000000002299 5.196152422710945 0
1.375000000002428 5.412658773657108 0
1.125000000002278 2.814582562304702 0
2.500000000001671 3.031088913249993 0
2.375000000001672 3.247595264195995 0
2.625000000001296 2.814582562303897 0
3.75000000000078 4.330127018925854 0
3.625000000000701 4.113620667979819 0
3.87500000000088 4.546633369871838 0
4.125000000000968 4.546633369871641 0
5.00000000000083 3.89711431703299 0
4.750000000000587 3.897114317033234 0
5.750000000000883 3.897114317032424 0
0.6294391848810835 3.247996053497342 0
0.7507398641482239 3.031155711467469 0
9.49495386631474 6.059264439847956 0
9.375000000002546 6.278684177437079 0
0.6324788301814518 4.109302763363663 0
0.7512464716985929 4.329407368157471 0
0.5244492023407992 4.311366691650364 0
0.6292826123412569 4.543386706865472 0
9.493928565919344 8.663759381947205 0
9.376487321402731 8.446620383251751 0
0.509628047671924 3.892135170552444 0
0.3866266388791476 4.512504297119034 0
0.4658539866499752 3.475996299508805 0
0.4637000379816528 8.235185571028007 0
0.6250000000037264 8.443747686903189 0
0.4637943029238076 3.013390618181369 0
0.464715625498883 1.738475640833866 0
0.6250000000020172 1.515544456629414 0
9.535389410185525 1.738450461144772 0
9.37499999999965 1.51554445662544 0
9.618940571882284 8.879563118248333 0
9.498781511814588 7.797110140178284 0
9.375000000003537 8.010734985005911 0
0.5120640097664788 2.152246417038945 0
9.495044111277025 2.165714384220439 0
9.248825363905301 9.529972358212847 0
8.998455928658551 9.532219096681814 0
9.536960536891193 9.522838876974182 0
8.873732181848915 9.76166229553465 0
8.499059235474753 9.531465306996399 0
8.249769478287167 9.532758512427614 0
9.504437920042694 3.894992591083891 0
9.375742988869309 4.113267046984586 0
9.625000000000668 4.113620667975336 0
2.756311222737178 9.536187405750399 0
2.501189059715895 9.533142061463224 0
2.375335365880272 9.311023021478556 0
2.250254070934316 9.532691011679322 0
2.125098239471921 9.311050007493128 0
2.000058718403394 9.532083450621183 0
1.86967526171588 9.314476067941658 0
1.748376311675154 9.530881383661523 0
0.9994007117485875 9.530992920674491 0
1.249130388088871 9.529466764747523 0
0.7498044667566008 9.531532391352986 0
0.6253956401793719 9.310895820464699 0
0.5011887090704259 9.53537347881808 0
7.75000000000303 9.532066469141087 0
7.500000000002791 9.532363881991854 0
7.369316904719952 9.314083104788565 0
7.246881201647576 9.529970191329511 0
0.4881289625367796 5.630928502361405 0
0.4937172629804163 0.8678226825826788 0
0.6239360894002919 1.082906886531423 0
0.3724682806639464 0.6409568379295847 0
0.4976920198244379 0.424563276407908 0
9.61888099089602 5.849813979944928 0
0.3751587299354567 1.092148128259283 0
9.75975191196126 8.644014607386252 0
9.757470714816552 6.085751219562448 0
9.621489908215247 7.59591629542868 0
9.375000000004539 9.746007095157449 0
1.124769333842223 9.757544332652259 0
8.12491989434851 9.76108335299538 0
7.117422481799512 9.771933618802375 0
6.971784150198475 9.554863050012582 0
6.719269048791873 9.584935387436069 0
6.812791945539176 9.354512416781047 0
6.564058428706056 9.347973073427232 0
6.470786923703663 9.604402270919262 0
6.335799711748059 9.428398477201402 0
7.090901428300051 9.329459910236267 0
7.625000000001223 9.767515470568121 0
2.879573405992306 9.765587029175588 0
3.009075292501476 9.535168572709107 0
3.274481387932024 9.510896664402679 0
3.376995295428897 9.281221618074021 0
3.542450998035378 9.517846131178489 0
3.643378397768964 9.279013404264985 0
3.775430899449359 9.435747521062675 0
3.379065378156438 9.751420897042918 0
2.375240521775353 9.767658285456955 0
1.874807270365302 9.761345277835348 0
1.493919553918896 9.548377800237743 0
1.618914886594244 9.313849459883009 0
0.6262178009606783 9.761222944673081 0
0.2316958679067339 9.579159987492879 0
1.373794219471377 9.769186189221035 0
6.742022657637499 9.110950654164267 0
0.4986627988689447 1.299038105683816 0
0.2400437583060767 1.33187671030465 0
9.62572047405472 3.680607966083642 0
9.729198570154132 3.47646265056096 0
7.999948228774685 9.536075776092087 0
8.748507520764438 9.531470362282301 0
2.249999999999442 0.4330127018977734 0
2.749999999998268 0.4330127018963812 0
3.249999999998479 0.4330127018990595 0
3.499999999997618 0.433012701896976 0
3.999999999996174 0.4330127018963855 0
1.000000000001484 0.4330127019004173 0
1.250000000001186 0.4330127018988244 0
4.49999999999668 0.4330127018973171 0
4.749999999997016 0.4330127018975601 0
1.12500000000062 0.2165063509515182 0
3.374999999996217 0.2165063509497579 0
8.999835878265053 1.732145537476393 0
4.624999999994379 0.2165063509494027 0
8.749999998628322 2.165063508670466 0
8.6249999997722 2.381569860276619 0
1.750000000002042 0.8660254037919577 0
4.874999999998164 0.6495190528426739 0
1.375000000001844 3.247595264196523 0
4.499999999998947 1.29903810568024 0
8.499999997363293 2.165063507939808 0
1.625000000002143 0.649519052846376 0
1.750000000000645 0.4330127018979988 0
1.500000000000681 0.4330127018971368 0
1.87500000000141 1.082531754737652 0
9.778541835326678 9.382600899560439 0
8.12499999999711 0.2165063509463027 0
8.249999999997245 0.4330127018924533 0
8.499999423383493 0.4330123689841344 0
8.374999327281545 0.6495186644455941 0
8.749989172738029 0.4330064507708622 0
9.785614451225754 7.11423882629899 0
7.124999999995513 0.2165063509463329 0
7.249999999995659 0.4330127018925087 0
7.499999999995689 0.4330127018927659 0
7.624999999996352 0.2165063509464047 0
9.785191921011222 8.118975021834785 0
9.545361187330048 8.23911749770901 0
6.124999999993996 0.2165063509463199 0
6.249999999994146 0.433012701892506 0
6.499999999994175 0.4330127018927602 0
6.624999999994481 0.2165063509468143 0
9.785556414209925 5.367861277283245 0
9.595523815547995 5.24681416989725 0
0.875909754665695 4.980175389489909 0
9.78356819756069 6.62487087819314 0
9.580225619241221 6.760886105233183 0
9.530852438498053 6.498928021428109 0
1.750000000002329 3.464101615142472 0
9.370492045142083 3.250199883903154 0
9.500000000000949 4.330127018921326 0
9.250123831479355 4.33006808208996 0
1.124789173123997 5.41278049461223 0
4.124999999993016 0.2165063509476735 0
9.783493649053685 4.624999999991609 0
9.783493649053527 4.874999999991848 0
3.749999999997784 0.4330127018949756 0
7.999999999997318 0.4330127018925388 0
9.779292629018668 1.121033081199373 0
9.592067910546044 1.024946983162946 0
9.542986421575179 1.268285266989615 0
7.749999999997094 0.4330127018928186 0
5.374999999993998 0.216506350946929 0
1.625000000001491 1.082531754737597 0
2.000000000001178 1.299038105683395 0
9.368660474535234 2.810922435566537 0
9.494478465025288 2.595847358597456 0
9.534969425723661 3.020841456159398 0
9.124248674190945 3.248029367477298 0
9.373253762717074 2.381306864075349 0
9.619819549932194 2.378881026159819 0
3.749999999999541 2.165063509465234 0
2.500000000001165 2.59807621135807 0
1.000260236063943 1.732090045848969 0
2.999999999998039 0.4330127018957991 0
8.99946492671298 1.299345916255027 0
9.249999999999117 1.299038105676789 0
9.124719345761083 1.515706276610838 0
8.749972589520747 1.73206656306137 0
9.499496638045041 0.4323088099694419 0
9.619210409138489 0.6317254498969678 0
7.8750000000016 4.546633369869009 0
1.37500000000139 0.6495190528453978 0
7.750000000001656 4.7631397208152 0
7.625000000001702 4.979646071761382 0
7.875000000001732 4.979646071761263 0
0.6373398332780583 2.807937967862189 0
9.246241335706307 0.857059003723035 0
6.875000000002712 6.711696879330704 0
3.874999999999667 2.381569860411203 0
2.874999999999779 1.082531754736855 0
2.499999999998439 0.4330127018965798 0
1.99999999999966 0.4330127018970221 0
2.625000000001675 4.979646071764291 0
2.500000000001538 4.763139720818272 0
2.250000000001648 4.763139720818367 0
2.625000000001498 4.546633369872095 0
0.9999949524717897 5.196331097708384 0
1.000151625779273 4.763227940439849 0
7.750000000001465 4.330127018922945 0
7.625000000001318 4.113620667976884 0
7.750000000001251 3.897114317030701 0
7.625000000001075 3.680607966084637 0
5.375000000000608 3.680607966086773 0
2.874999999999885 1.515544456628597 0
2.75000000000004 1.299038105682818 0
2.625000000000235 1.515544456628774 0
0.6258462199184152 0.2151859881602687 0
7.250000000002425 6.062177826492137 0
5.500000000000317 3.464101615140673 0
8.1249529511798 9.312586992777272 0
7.125000000001998 5.412658773653854 0
7.375000000002016 5.412658773653725 0
4.000000000000276 3.464101615141551 0
3.750000000000342 3.464101615141641 0
6.999999999995424 0.4330127018924831 0
0.2233069747398806 1.86975116364324 0
0.2145127065624497 2.388165459295121 0
0.4047132035372148 2.515269443784823 0
7.750000000001866 5.196152422707438 0
9.125247886903622 8.444226469623835 0
0.2165267263571792 2.877231769696907 0
2.625000000001152 3.680607966087936 0
2.375000000001262 3.680607966088076 0
2.250000000001587 3.464101615142047 0
3.500000000001589 4.76313972081764 0
3.125000000000417 2.814582562303692 0
3.000000000000716 3.031088913249655 0
6.75000000000186 5.196152422707963 0
8.249992158533434 9.093748233255273 0
1.375000000003495 8.010734985010547 0
3.250000000001322 4.330127018925625 0
2.500000000000486 1.732050807574683 0
2.375000000000631 1.515544456628958 0
3.000000000003649 8.227241335955691 0
3.125000000003781 8.443747686901702 0
4.500000000002359 6.062177826493674 0
0.2169160968339932 3.373359712306984 0
3.125000000001099 4.113620667979682 0
3.750000000000567 3.897114317033805 0
3.500000000000681 3.897114317033697 0
1.500000000001525 3.464101615142461 0
1.500000000002194 3.031088913250549 0
5.875110130727828 8.444198388245445 0
5.75002961017408 8.227393202574286 0
5.500016190081812 8.227343396786889 0
6.000023290152712 8.227341763948139 0
5.625007633378297 8.010777306250132 0
9.000003335529165 3.897114317030015 0
2.75000000000108 3.464101615141806 0
2.750000000000161 1.732050807574517 0
8.00000000000084 3.464101615138206 0
8.125000000000663 3.247595264192031 0
7.999999999992402 3.031088913241297 0
8.249999999999421 3.031088913245219 0
4.249999999996745 0.4330127018975352 0
2.000000000001139 1.732050807575063 0
6.625001813220796 8.443975528951395 0
6.500002115423531 8.227304382057241 0
5.375035592794537 8.444344448025245 0
5.25000863048181 8.22735780628053 0
5.999999999998467 0.8660254037869308 0
4.374999999999297 1.948557158518657 0
4.249999999999079 1.732050807572856 0
4.499999999999163 1.732050807572604 0
5.37500000000014 3.24759526419466 0
9.499203876951338 7.370479415081872 0
6.500000000002787 6.928203230277012 0
8.000000000001499 4.330127018922822 0
3.749999999998144 0.8660254037904012 0
5.250000000002863 6.928203230277703 0
5.000000000002849 6.928203230277843 0
0.8749483122737139 8.443713559870618 0
0.7499796729081282 8.660241587810459 0
0.5060680462384738 8.663757306945609 0
0.6259962407197083 8.877335429771607 0
0.3794345169033678 8.879983839547254 0
0.2400154738889157 8.644074414001786 0
0.4978069498607717 9.097226536655524 0
2.875000000003005 7.144709581225229 0
7.999999999998363 0.8660254037853907 0
8.12499995780113 1.082531730368699 0
0.2523551391797494 3.883171562225308 0
7.625000000003771 8.443747686899108 0
7.500000000003872 8.660254037845284 0
7.500000000002662 6.495190528384191 0
4.750000548824358 9.093319802971653 0
4.630351006433568 9.313843287549306 0
4.8959788361446 9.31373236294796 0
4.375891851436116 9.310453103102125 0
4.506247938217737 9.535419130119328 0
4.250375473022764 9.533556409777198 0
4.121490451987963 9.759508211585764 0
4.629463417815501 9.764912102479377 0
4.767220298541298 9.540600407487513 0
5.028912495538261 9.517025193895684 0
5.139536730095739 9.75927520318027 0
5.277480875426299 9.54933357967267 0
7.499052817456731 9.09399987954076 0
9.125000000003535 8.01073498500603 0
4.875000000002711 6.711696879331791 0
5.75000000000257 6.495190528385194 0
2.999519234561803 8.659976467790489 0
9.49771694334277 5.632308823187946 0
6.749999999995183 0.4330127018925309 0
6.875000000000004 2.814582562301424 0
6.750000000000022 3.031088913247716 0
7.000000000000228 3.031088913247095 0
6.875000000000242 3.247595264193637 0
2.000000000001723 2.598076211358465 0
2.125000000001804 4.979646071764493 0
8.874633480517184 5.412447163529632 0
5.50000000000187 5.196152422708675 0
5.625000000001756 4.979646071762498 0
5.014846005108917 9.098543986407654 0
1.125000000002503 6.278684177441834 0
6.750000654776461 8.227289817312695 0
2.500000000002089 5.629165124602669 0
6.124999999998773 1.082531754733108 0
0.9999762850588736 8.660239512803876 0
8.500000000002439 6.062177826491432 0
0.3750000000019789 5.412658773657857 0
0.3681771524347659 5.862765035484124 0
0.2405886617509909 5.170578742347921 0
0.620480599793194 5.854238930646325 0
0.5036336917234815 6.076195877943922 0
2.625000000003262 7.577722283117602 0
5.625000000002471 6.278684177439153 0
2.250000000003381 7.794228634063937 0
6.3749999999996 2.381569860409633 0
2.875000000003266 7.577722283117446 0
2.875000000002236 5.845671475548547 0
4.750000000003391 7.794228634062442 0
4.625000000003496 8.010734985008602 0
4.375000000003503 8.010734985008721 0
4.875000000003515 8.010734985008439 0
5.125012091340396 8.444124340116243 0
6.250000000000321 3.464101615140232 0
6.375000000000549 3.680607966086213 0
6.500000000000307 3.464101615140041 0
6.625000000000441 3.680607966085962 0
6.5000000000006 3.89711431703225 0
2.375000000003261 7.577722283117753 0
1.250052682094751 2.165033093446692 0
5.87500000000176 4.979646071762359 0
6.125000000001757 4.97964607176222 0
6.250000000001881 5.196152422708271 0
6.375000000001742 4.979646071762063 0
7.750000000003401 7.794228634060713 0
5.000000000003396 7.794228634062272 0
1.500000000003626 8.227241335956599 0
8.99927656682897 6.49477285404579 0
7.624999999999082 1.515544456624465 0
7.749999999999302 1.732050807570406 0
7.874999997285876 1.5155444550575 0
5.375000000001983 5.41265877365485 0
5.749999999998943 1.299038105679463 0
3.62499999999975 2.381569860411443 0
2.750000000002103 5.629165124602512 0
2.875000000001686 4.979646071764139 0
5.625000000003016 7.144709581223588 0
5.875000000003009 7.14470958122344 0
4.749999999999739 2.598076211356733 0
6.125000000002005 5.412658773654448 0
3.875000000002999 7.144709581224601 0
2.125000000002228 5.845671475549006 0
3.250000000003137 7.361215932171099 0
4.250000000002111 5.629165124601617 0
0.2165063509461089 8.125 0
5.249999999999745 2.598076211356429 0
5.749999999999478 2.165063509463903 0
5.375000000002474 6.278684177439292 0
4.250000000002824 6.928203230278236 0
4.50000000000283 6.928203230278099 0
2.250000000002626 6.495190528387263 0
2.375000000002752 6.711696879333304 0
2.625000000002755 6.711696879333148 0
2.750000000002882 6.928203230279186 0
2.875000000000429 2.381569860411945 0
0.2322920223119966 7.096037804835651 0
4.000000000002827 6.928203230278368 0
1.625000000003499 8.010734985010405 0
5.874723098075512 9.785809263282093 0
5.753123572682753 9.569203274241804 0
5.996101738717202 9.576125697778895 0
5.875000000000004 9.350480947161667 0
5.632901843224756 9.348859337653419 0
6.000536531304041 9.114643407513134 0
5.502882835698879 9.125029370677064 0
8.250000000002432 6.062177826491565 0
7.000000000003386 7.794228634061128 0
7.625000000003029 7.144709581222454 0
6.124999999999877 2.814582562301996 0
1.000123310693148 3.031100046286723 0
6.250000000001604 4.763139720816022 0
3.875000000001519 4.979646071763603 0
2.00000000000288 6.92820323027964 0
2.125000000003255 7.577722283117898 0
8.500000000002908 6.92820323027586 0
1.37500000000301 7.144709581226109 0
0.2165063509460956 6.375000000000003 0
0.2191945381774143 6.61948482995621 0
5.5000000000016 4.763139720816443 0
5.750000000001602 4.763139720816304 0
2.875000000002756 6.711696879332996 0
3.500000000002613 6.495190528386499 0
3.750000000002603 6.495190528386336 0
3.625000000002473 6.278684177440314 0
8.750000000001727 4.763139720814634 0
9.000041314487227 8.660333834965332 0
6.875000000003022 7.144709581222886 0
7.000000000002894 6.928203230276715 0
5.249999999999215 1.73205080757199 0
8.250000000001506 4.330127018922694 0
4.875000000001486 4.546633369870735 0
4.625000000001369 4.546633369870897 0
4.500000000001582 4.763139720817077 0
4.375000000001123 4.54663336987128 0
4.625000000001723 4.97964607176308 0
4.874999999999348 1.948557158518332 0
5.124999999999347 1.948557158518177 0
1.124689873623354 8.01053022281596 0
5.374999999999877 2.814582562302459 0
5.124999999999868 2.814582562302608 0
3.750000000002109 5.629165124601917 0
5.125000000000115 3.247595264194804 0
8.375000000002315 5.845671475545391 0
6.124999999999341 1.948557158517566 0
0.2165063509461115 7.625000000000004 0
0.4524234980462238 7.76668367485261 0
7.374999999993655 2.814582562296463 0
7.249999999996326 2.598076211352424 0
7.374999999996511 2.381569860406581 0
7.624999999890158 2.381569860344698 0
7.250000000001337 4.330127018923201 0
7.375000000001248 4.113620667977018 0
4.750000000002112 5.629165124601325 0
3.62500000000161 4.979646071763727 0
8.124999999972626 2.814582562283782 0
8.374999999974563 2.814582562284934 0
8.624999999996508 2.814582562297741 0
6.250004319631166 8.227278706033255 0
6.749999999999211 1.732050807571088 0
2.750000000002626 6.49519052838696 0
4.625000095339241 8.443756904510655 0
3.125000000001983 5.41265877365618 0
3.750000000003406 7.794228634063007 0
3.875000000003519 8.010734985009023 0
7.750000000002185 5.629165124599646 0
8.375000000003029 7.144709581222036 0
9.493669305484872 9.092078219416287 0
5.124999999999084 1.515544456625963 0
4.999999999999224 1.732050807572144 0
6.375000000001998 5.412658773654312 0
2.250000000002878 6.928203230279493 0
8.125000000002785 6.711696879329956 0
8.375000000002787 6.711696879329819 0
2.875000000001961 5.412658773656333 0
2.125000000004027 8.876760388794539 0
4.625000000002706 6.711696879331924 0
6.000000000002117 5.629165124600622 0
6.99999999999921 1.732050807570938 0
3.125000000003 7.144709581225071 0
1.000000000003127 7.361215932172438 0
5.624999999998806 1.082531754733426 0
2.500000000000419 1.299038105683025 0
2.250000000000924 1.299038105683187 0
4.749999999999202 1.732050807572347 0
7.375000000001707 4.979646071761474 0
5.750000000002847 6.928203230277415 0
1.500000000003131 7.361215932172144 0
6.125000000002458 6.278684177438874 0
6.750000000001592 4.763139720815712 0
4.375000000003016 7.144709581224308 0
9.000000000003414 7.794228634059992 0
7.624842136246105 8.876882578758536 0
5.250000000001855 5.196152422708816 0
4.375000000001705 4.979646071763272 0
2.375000000002227 5.84567147554886 0
6.249999999998946 1.29903810567916 0
6.875000411335391 8.443879619700658 0
7.499999999998943 1.299038105678418 0
0.999577883541757 8.226962631858488 0
1.625000000002165 4.979646071764793 0
7.500000000003149 7.36121593216863 0
3.00000000000313 7.361215932171259 0
6.250000000003393 7.794228634061537 0
5.87499999999961 2.381569860409934 0
7.625000000002549 6.278684177438013 0
1.6250000000025 6.278684177441532 0
7.750000000003156 7.361215932168491 0
8.999572393936493 5.628918246121795 0
5.874999999999344 1.948557158517717 0
8.74986764574377 5.629088709832343 0
8.624916854378194 5.412610769504703 0
4.750000000002359 6.062177826493533 0
1.125000000003001 7.144709581226254 0
6.50000000000235 6.062177826492579 0
2.750000000003638 8.227241335955853 0
5.874999999998765 1.082531754733242 0
3.500000000003646 8.227241335955359 0
1.500000000002631 6.495190528387714 0
2.250000000003884 8.660254037848365 0
9.250799935941338 5.625165638103958 0
3.000000000003403 7.794228634063471 0
7.241846968588128 9.098608181293427 0
4.875000000002236 5.845671475547359 0
7.124999999999289 1.948557158516917 0
6.375000000002456 6.278684177438749 0
8.500000000003627 8.227241335952492 0
8.750000000003633 8.227241335952343 0
4.125020283250688 8.443736553015039 0
4.250003382334143 8.227239653313818 0
6.874999999998829 1.082531754732683 0
5.999999999999474 2.16506350946375 0
6.124999999999604 2.381569860409781 0
8.624977940959248 5.845658739750797 0
8.125000000003283 7.577722283114388 0
1.875000000001825 4.54663336987247 0
7.875000000003769 8.443747686898966 0
5.500000000002355 6.062177826493112 0
8.500000000003164 7.361215932168079 0
7.000000000002622 6.495190528384502 0
9.000041314486964 8.227321133073133 0
4.499999999999742 2.598076211356878 0
4.374999999999876 2.81458256230305 0
4.625000000000353 3.68060796608728 0
6.999999999998646 0.8660254037864764 0
8.374998693092252 8.87684063771059 0
7.125000000003518 8.010734985007161 0
2.125000000003753 8.443747686902331 0
0.470729118378814 6.94977748202439 0
7.87500000000328 7.577722283114536 0
6.750000000003397 7.794228634061261 0
7.125000000002265 5.845671475546125 0
6.874999999999327 1.948557158517108 0
3.500000000002352 6.062177826494283 0
5.625000000000153 3.247595264194514 0
8.750000000003183 7.361215932167945 0
8.125000000001759 4.979646071761142 0
0.7500000000031388 7.361215932172596 0
1.250000000002634 6.495190528387859 0
2.250000000002088 5.629165124602817 0
7.124999999998301 0.649519052840175 0
8.000000000003398 7.794228634060571 0
9.249957468673674 6.492820111138085 0
9.124872339252104 6.278219495506744 0
8.999446768396144 4.762987073486475 0
3.750000000000121 3.03108891324952 0
4.251199290886905 9.092777000458053 0
5.250000000000004 3.031088913248636 0
4.375000000002236 5.845671475547643 0
1.375000000001751 4.113620667980653 0
6.374999999999872 2.814582562301844 0
9.124375201708048 4.546445458513649 0
6.500000000000012 3.03108891324788 0
4.2500000000034 7.794228634062695 0
6.125083925619066 8.444064255343225 0
5.125000000002993 7.144709581223874 0
0.7497563732913145 0.4313844038510389 0
1.000411301860963 6.495427993626635 0
1.623616259771934 8.87706351355229 0
8.375000000003268 7.577722283114241 0
4.500000000000441 3.897114317033391 0
0.7496888326056763 9.094107107652015 0
0.8766981298395387 6.280980013799323 0
8.874493908240005 9.311703245648976 0
0.8750000000016676 3.680607966088804 0
4.000000000002595 6.495190528386173 0
4.750000000001088 4.330127018924973 0
2.374999999997315 0.2165063509485832 0
4.875000000002993 7.144709581224021 0
3.375000000002486 6.278684177440466 0
2.000000000001665 4.330127018926341 0
2.875000000003521 8.010734985009663 0
4.625000000002236 5.845671475547501 0
6.625000000000165 3.247595264193836 0
6.249999999999738 2.598076211355814 0
7.25000000000215 5.629165124599916 0
2.500193083574239 9.093581222359292 0
2.750000000001808 5.196152422710311 0
3.750000000002354 6.062177826494126 0
4.874999999999856 2.814582562302756 0
4.134240844890865 9.30699453825579 0
7.125000000002538 6.278684177438308 0
9.235250711146236 6.912523069998469 0
0.5000000000031677 7.361215932172716 0
4.75000000000282 6.928203230277967 0
1.874999999998676 0.2165063509487151 0
8.500000000001132 3.464101615138307 0
4.499999999999984 3.031088913249072 0
8.375000000001407 4.11362066797652 0
4.624999999999861 2.814582562302902 0
4.125000000002235 5.845671475547793 0
6.625000000001728 4.979646071761912 0
1.250000000001875 4.33012701892677 0
3.875000000002232 5.845671475547946 0
3.625000000000265 3.247595264195569 0
9.783493649054302 1.374999999998497 0
3.367173979676423 8.872248534117844 0
6.500000000001866 5.196152422708114 0
6.875000000001991 5.412658773654016 0
6.875000109132317 8.010743065233831 0
6.000000000002555 6.495190528385053 0
7.375000000002546 6.278684177438155 0
1.500008780350635 2.165058440130237 0
5.875010088952555 8.01078408765062 0
5.500000000002861 6.92820323027756 0
2.250104448156441 9.093740294776769 0
6.375001072511414 8.010751721038092 0
2.500000000001466 4.330127018926081 0
3.124999999999305 1.082531754736759 0
2.375000000001565 4.546633369872213 0
0.6250000000017459 3.680607966088917 0
4.500000581403977 8.227242764789485 0
6.000000000002823 6.928203230277264 0
6.625000658641753 8.010757708960753 0
1.375010243742083 1.948551244294948 0
3.750000000002852 6.928203230278575 0
2.25000000000146 2.598076211358313 0
3.875000000002722 6.711696879332351 0
1.000207745284703 4.33000707713196 0
3.374999999999499 1.948557158519911 0
2.874999999996272 0.2165063509482568 0
1.24987557080554 5.629236963833579 0
5.750002953724032 7.794243871375965 0
6.250000000002815 6.928203230277124 0
9.779814293101381 1.872329242409957 0
6.12500646187577 8.010768924465552 0
3.625162218797926 8.443654054012274 0
3.7500473138628 8.227214030636297 0
4.000032107303211 8.227222949143314 0
9.779411684300685 2.880808004758863 0
5.500001260371909 7.794235486271029 0
2.625000000000296 1.082531754736995 0
1.999146324892743 9.094342314590268 0
4.125005914941863 8.010731640100071 0
2.125000000001344 2.38156986041244 0
3.624999999998062 0.6495190528436829 0
6.375000000002973 7.144709581223187 0
8.875000000003293 7.577722283113965 0
4.750000125160229 8.227244306105273 0
5.375005619053458 8.010779602443161 0
8.499998301808235 0.8660244233342783 0
3.375017242645421 8.443737734203559 0
8.874968076363551 1.948575571825095 0
9.25785628502174 8.229792575611611 0
1.125178248592267 1.948485827588661 0
3.624999999998782 1.515544456628055 0
6.750000000002849 6.928203230276866 0
3.248157921383418 8.659164866830096 0
7.50000000000187 5.196152422707556 0
8.000000000001878 5.1961524227073 0
3.625000000000535 3.680607966087734 0
5.624999999994481 0.2165063509464437 0
5.999999999994836 0.4330127018926209 0
8.375000000000725 3.247595264192045 0
1.746341715265066 9.095262872174603 0
2.62500000000078 2.381569860412091 0
5.875000000002693 6.711696879331235 0
0.874822681568369 1.082594276703489 0
7.625000000002022 5.412658773653601 0
2.125000000001135 1.08253175473747 0
8.87499073497364 0.2165010017817837 0
5.000003486866152 8.227325213979807 0
1.125043372678833 1.515550996341754 0
7.750000000000187 3.464101615138004 0
5.125002956068622 8.010775812639389 0
6.124999999997957 0.6495190528406491 0
3.250000000000849 3.897114317033665 0
9.769079616624438 0.4047101482660993 0
0.8752391313387671 1.515632724150755 0
0.8759814091846057 4.545967030547827 0
8.249999883495294 1.299038038413956 0
2.125000000001677 4.546633369872328 0
1.375000000002262 2.814582562304665 0
0.7510020348612569 4.763129554268259 0
3.624999999999139 1.948557158519683 0
0.5205339672358411 4.754434143356255 0
5.249999999997476 0.4330127018950408 0
7.999999970383191 1.299038088579118 0
7.374999999998168 0.6495190528400853 0
8.74999999996194 2.59807621133203 0
4.250000000001323 4.763139720817369 0
8.999916505532191 4.330085877557721 0
4.250000000000757 4.330127018925499 0
2.000000000001804 4.763139720818421 0
4.625000000000647 4.113620667979251 0
2.500000000001349 3.464101615141914 0
3.500000000000466 3.464101615141621 0
1.875000000001955 4.979646071764588 0
1.75000000000209 5.196152422710758 0
1.625000000002221 5.412658773656919 0
1.499979261802827 5.629177097808219 0
2.125000000001012 1.515544456629187 0
7.999999992748364 1.732050803383294 0
9.125134445763411 4.113545051444714 0
5.12500000000118 4.113620667978736 0
7.874999997725368 1.948557157202909 0
7.624999999577808 1.94855715827284 0
7.124999999999039 2.381569860408757 0
7.124999999998254 2.814582562299821 0
7.249999999998882 2.165063509462379 0
7.000000000000965 3.464101615139088 0
3.999999999998874 1.732050807573335 0
7.12500000000021 3.247595264192758 0
3.749999999998889 1.732050807573733 0
6.750000000000609 3.897114317031785 0
6.750000000000265 3.464101615139674 0
5.875000000001337 4.1136206679781 0
2.750000000000838 2.598076211357836 0
2.125000000001862 3.247595264196133 0
6.374999999997565 0.6495190528404398 0
1.87500000000122 1.515544456629273 0
2.875000000000849 2.814582562303673 0
3.375000000000921 4.113620667979697 0
4.374999999998986 1.515544456626943 0
8.374999999632392 2.381569860195693 0
2.750000000001128 3.03108891324966 0
1.875000000001744 3.680607966088466 0
4.999999999996801 0.4330127018963607 0
0.7500000000024764 1.299038105683693 0
3.500000000000979 4.330127018925714 0
4.374999999997783 1.082531754735493 0
2.625000000001312 3.247595264195781 0
8.624998744597869 0.2165056261408234 0
3.62500000000103 4.546633369871717 0
7.499999999867776 2.16506350938623 0
4.624999999998582 1.082531754734739 0
8.499999999868376 2.598076211277858 0
3.750000000001173 4.763139720817724 0
8.249999555616672 0.8660251472210431 0
4.999999999998552 0.8660254037882461 0
4.000000000001163 4.763139720817577 0
6.625000000000985 4.113620667977841 0
6.37500000000116 4.113620667978129 0
1.250020551783889 3.031090768756622 0
4.124999999998662 1.515544456627392 0
6.000000000000947 3.897114317032261 0
4.500000000000916 4.330127018925227 0
6.250000000000972 3.897114317032186 0
5.500000000000824 3.897114317032573 0
5.625000000000911 4.11362066797833 0
2.000000000001841 3.464101615142268 0
4.875000000001029 4.113620667979021 0
5.250000000000841 3.897114317032745 0
0.8793682980135916 2.81431387213889 0
8.12499986700996 0.6495189760580339 0
4.749999999998186 0.8660254037890803 0
1.374999999999778 0.2165063509480935 0
4.874999999994594 0.2165063509486133 0
5.749999999996152 0.4330127018924081 0
3.624999999994635 0.2165063509479439 0
8.624309428720537 9.76576304424872 0
3.874892901029374 9.784148669772849 0
6.247247036089856 9.090894164501536 0
0.3765415349112843 9.333059501877226 0
3.974938088409662 9.533663057928356 0
9.594063168480211 6.989330193353588 0
5.382737959036881 9.785092086394279 0
0.1838610598307945 4.379016399732 0
0.6343796984656991 6.284099548874756 0
5.157046357318654 9.323063390555626 0
0.6096390509929057 2.395461186007628 0
9.618688243536997 9.786761812404711 0
0.3838086841553892 0.2063797140490233 0
3.241895458110309 9.083835807675037 0
1.367461928007081 9.310599563261347 0
5.514121419456624 9.57046099648098 0
6.60817413837896 9.795232510202442 0
9.365844893772767 1.074992036220432 0
6.140215286539036 9.343206102990415 0
0.4137410865609115 2.746940235856171 0
9.617277202513531 3.269706199950323 0
9.352080618188545 6.700826831781872 0
3.776279404394486 9.078094318540657 0
9.584716546522097 5.015469966237325 0
9.604072625973835 1.504456036951248 0
0.3937857937163548 8.002520846178317 0
9.59823091416251 7.999999999997072 0
0.4070078460047294 1.501567921528391 0
0.4000365762013827 3.248545171785159 0
0.4034880357100586 4.973724615405278 0
5.39670885035841 9.345221999183666 0
3.50512042256384 9.078529011911018 0
9.590173866348309 6.260005081918364 0
6.366200318094635 9.802442208863226 0
0.4135893728882168 6.276375137400533 0
0.4075630106240057 6.730497142282277 0
9.590682273424997 4.522645612246012 0
0.4132404169117493 1.969336243673285 0
9.588191589346971 1.974711111165186 0
0.1748551049576886 4.625000000000012 0
0.4102579818117756 8.472352995775719 0
9.590880775237066 8.47115305333214 0
9.587874028253385 9.282411413195303 0
9.587753503598201 2.783748647406187 0
0.4154648622245157 3.708621344731538 0
9.830353089983664 7.624999999996377 0
0.1723497413119939 9.361435767485252 0
0.1642184912784199 0.6322686856357675 0
9.831694540077187 0.625657751216713 0
9.832825051215805 4.122544301961689 0
9.832042224427481 2.375484099133717 0
0.1666707986271274 8.875000000000005 0
9.833329201377383 8.874999999998295 0
3.909783701771301 9.285329362473135 0
9.827704496742454 5.863437690499818 0
0.4173270347075989 7.184815515553521 0
0.4198729810792231 4.087713240276833 0
0.4082528516283592 7.53831550316733 0
0.1686328483918984 5.390478981841659 0
6.248602185412041 9.619767291703297 0
0.1674804704217863 1.109291004809432 0
9.595540495884965 5.450544410723791 0
9.498117043731947 0.8187040274650157 0
9.82577022172611 3.656099188353072 0
0.1569251865868323 5.875000000000014 0
3.752899705448843 9.623711318361698 0
9.597709540157112 7.190256787391285 0
9.816987298107399 0.183012701892434 0
9.816987298107547 9.81698729810743 0
0.1830127018922026 0.1830127018922519 0
0.1830127018922193 9.816987298107781 0
6.366228672222266 9.251384708177422 0
0.5656879908652974 2.613727913412808 0
9.430055749528488 6.897146421332664 0
0.397820675668771 2.317430448031164 0
0.3226527801375138 4.728845823283066 0
9.826420995758959 3.308973579015063 0
0.3426795132393294 4.285736938338707 0
9.424671424046277 5.154801842878533 0
$EndNodes
$Elements
5 3870 1 3870
1 1 1 40
1 1 5 
2 5 6 
3 6 7 
4 7 8 
5 8 9 
6 9 10 
7 10 11 
8 11 12 
9 12 13 
10 13 14 
11 14 15 
12 15 16 
13 16 17 
14 17 18 
15 18 19 
16 19 20 
17 20 21 
18 21 22 
19 22 23 
20 23 24 
21 24 25 
22 25 26 
23 26 27 
24 27 28 
25 28 29 
26 29 30 
27 30 31 
28 31 32 
29 32 33 
30 33 34 
31 34 35 
32 35 36 
33 36 37 
34 37 38 
35 38 39 
36 39 40 
37 40 41 
38 41 42 
39 42 43 
40 43 2 
1 2 1 40
41 2 44 
42 44 45 
43 45 46 
44 46 47 
45 47 48 
46 48 49 
47 49 50 
48 50 51 
49 51 52 
50 52 53 
51 53 54 
52 54 55 
53 55 56 
54 56 57 
55 57 58 
56 58 59 
57 59 60 
58 60 61 
59 61 62 
60 62 63 
61 63 64 
62 64 65 
63 65 66 
64 66 67 
65 67 68 
66 68 69 
67 69 70 
68 70 71 
69 71 72 
70 72 73 
71 73 74 
72 74 75 
73 75 76 
74 76 77 
75 77 78 
76 78 79 
77 79 80 
78 80 81 
79 81 82 
80 82 3 
1 3 1 40
81 3 83 
82 83 84 
83 84 85 
84 85 86 
85 86 87 
86 87 88 
87 88 89 
88 89 90 
89 90 91 
90 91 92 
91 92 93 
92 93 94 
93 94 95 
94 95 96 
95 96 97 
96 97 98 
97 98 99 
98 99 100 
99 100 101 
100 101 102 
101 102 103 
102 103 104 
103 104 105 
104 105 106 
105 106 107 
106 107 108 
107 108 109 
108 109 110 
109 110 111 
110 111 112 
111 112 113 
112 113 114 
113 114 115 
114 115 116 
115 116 117 
116 117 118 
117 118 119 
118 119 120 
119 120 121 
120 121 4 
1 4 1 40
121 4 122 
122 122 123 
123 123 124 
124 124 125 
125 125 126 
126 126 127 
127 127 128 
128 128 129 
129 129 130 
130 130 131 
131 131 132 
132 132 133 
133 133 134 
134 134 135 
135 135 136 
136 136 137 
137 137 138 
138 138 139 
139 139 140 
140 140 141 
141 141 142 
142 142 143 
143 143 144 
144 144 145 
145 145 146 
146 146 147 
147 147 148 
148 148 149 
149 149 150 
150 150 151 
151 151 152 
152 152 153 
153 153 154 
154 154 155 
155 155 156 
156 156 157 
157 157 158 
158 158 159 
159 159 160 
160 160 1 
2 1 2 3710
161 1265 1130 1281 
162 1484 215 1636 
163 898 1038 1534 
164 1179 731 1199 
165 1188 172 1191 
166 141 163 1428 
167 202 1132 1171 
168 1484 1636 1913 
169 182 155 1201 
170 68 171 1170 
171 1123 170 1342 
172 1133 1242 1751 
173 1126 206 1326 
174 219 1272 1737 
175 167 1427 1430 
176 223 1138 1230 
177 1124 188 1473 
178 182 1127 1321 
179 1129 186 1732 
180 1035 1259 1260 
181 1505 1088 1506 
182 202 1171 1903 
183 1178 1179 1199 
184 1114 1252 1650 
185 1126 1326 1877 
186 1178 823 1182 
187 1165 222 1166 
188 162 1400 1401 
189 1393 1419 1867 
190 1650 1252 1879 
191 1242 1120 1751 
192 1130 1265 1882 
193 1144 198 1255 
194 172 1188 1923 
195 1047 898 1534 
196 823 1178 1199 
197 1875 1292 1920 
198 170 1123 1902 
199 1489 1876 1917 
200 1135 220 1275 
201 140 141 1428 
202 1265 1281 1875 
203 1534 1038 1883 
204 214 1186 1191 
205 1737 1272 1901 
206 1428 163 1887 
207 162 1399 1400 
208 214 1185 1186 
209 127 188 1382 
210 183 77 1169 
211 155 156 1201 
212 67 68 1170 
213 1230 1138 1900 
214 194 1381 1383 
215 1131 190 1555 
216 44 45 1775 
217 188 1124 1898 
218 1138 223 1869 
219 1186 1188 1191 
220 1264 1875 1920 
221 122 123 1197 
222 173 1271 1275 
223 182 1201 1885 
224 1129 1732 1896 
225 1321 1127 1895 
226 1876 1181 1917 
227 1136 193 1137 
228 1140 187 1141 
229 1159 175 1161 
230 824 1490 1491 
231 1395 210 1396 
232 1145 180 1146 
233 1148 212 1150 
234 114 115 1193 
235 1153 192 1155 
236 119 120 1196 
237 222 1165 1905 
238 108 109 1191 
239 87 88 1858 
240 1142 165 1144 
241 1395 1392 1399 
242 1145 889 1185 
243 1259 1035 1894 
244 676 1880 1889 
245 1160 1182 1610 
246 1170 171 1890 
247 211 1158 1204 
248 1151 1195 1762 
249 1400 1393 1867 
250 89 90 1174 
251 93 94 1175 
252 91 92 1183 
253 662 660 1493 
254 84 85 1172 
255 103 104 1398 
256 110 111 1184 
257 112 113 1192 
258 117 118 1173 
259 126 127 1382 
260 77 78 1169 
261 1427 167 1922 
262 1506 1088 1893 
263 1139 87 1858 
264 86 87 1139 
265 658 656 1492 
266 105 106 1397 
267 1163 191 1165 
268 732 1493 1888 
269 1194 1154 1872 
270 122 1197 1928 
271 101 102 1401 
272 1242 1133 1884 
273 200 1167 1408 
274 44 1775 1925 
275 1035 1260 1881 
276 1137 193 1139 
277 1490 824 1492 
278 1396 210 1397 
279 102 162 1401 
280 1387 1121 1914 
281 191 1163 1168 
282 213 1162 1427 
283 186 1129 1882 
284 198 1144 1907 
285 1127 182 1885 
286 1162 213 1426 
287 1392 1393 1399 
288 889 890 1185 
289 1088 1505 1892 
290 1157 224 1197 
291 1195 1194 1872 
292 1189 1880 1911 
293 1691 176 1913 
294 1124 1473 1883 
295 193 1136 1172 
296 192 1153 1173 
297 175 1159 1183 
298 1158 211 1183 
299 824 1491 1493 
300 210 1395 1398 
301 1141 187 1174 
302 180 1145 1184 
303 212 1148 1192 
304 1161 175 1175 
305 1152 184 1194 
306 1146 180 1192 
307 193 86 1139 
308 824 658 1492 
309 210 105 1397 
310 1272 219 1878 
311 1880 1189 1889 
312 178 1171 1371 
313 1419 732 1867 
314 1195 735 1762 
315 115 184 1193 
316 184 1152 1193 
317 120 224 1196 
318 224 1157 1196 
319 1150 212 1193 
320 212 114 1193 
321 1155 192 1196 
322 192 119 1196 
323 1275 220 1908 
324 109 214 1191 
325 172 108 1191 
326 1161 1176 1182 
327 1867 732 1888 
328 1160 1161 1182 
329 1182 823 1610 
330 1154 1194 1198 
331 1173 1154 1198 
332 731 1179 1929 
333 1291 1126 1877 
334 1190 1189 1911 
335 1161 1175 1176 
336 1398 1395 1399 
337 1184 1145 1185 
338 1174 211 1204 
339 884 830 1429 
340 90 211 1174 
341 187 89 1174 
342 94 216 1175 
343 175 93 1175 
344 85 193 1172 
345 92 175 1183 
346 211 91 1183 
347 118 192 1173 
348 660 824 1493 
349 732 662 1493 
350 104 210 1398 
351 162 103 1398 
352 111 180 1184 
353 214 110 1184 
354 180 112 1192 
355 113 212 1192 
356 165 1142 1202 
357 117 1173 1198 
358 1285 196 1920 
359 1157 1197 1861 
360 187 1140 1858 
361 1876 1860 1929 
362 194 1383 1861 
363 1151 1152 1195 
364 1166 222 1870 
365 206 1126 1886 
366 1397 1859 1862 
367 88 187 1858 
368 1427 1429 1430 
369 1176 1178 1182 
370 1252 1251 1879 
371 652 649 1199 
372 1123 1342 1886 
373 1172 1138 1869 
374 1381 194 1909 
375 190 1131 1910 
376 1117 1122 1935 
377 1122 1865 1935 
378 1401 1400 1402 
379 1492 656 1860 
380 1397 106 1859 
381 207 1387 1914 
382 1862 1859 1923 
383 167 1430 1892 
384 1252 1114 1890 
385 1874 96 1891 
386 173 1275 1908 
387 1492 1860 1876 
388 1132 202 1884 
389 1121 1387 1902 
390 830 897 1429 
391 1162 884 1429 
392 1382 188 1898 
393 183 1169 1899 
394 1271 173 1901 
395 84 1172 1869 
396 196 1264 1920 
397 1555 190 1900 
398 1163 1164 1168 
399 1144 165 1907 
400 649 823 1199 
401 731 652 1199 
402 1134 205 1895 
403 220 1135 1896 
404 176 1484 1913 
405 1255 198 1894 
406 101 1401 1864 
407 1636 215 1893 
408 1401 1402 1864 
409 178 1371 1924 
410 176 1691 1915 
411 1399 1393 1400 
412 1185 890 1186 
413 205 1134 1932 
414 200 1408 1919 
415 1168 1164 1200 
416 1427 1162 1429 
417 1137 1139 1205 
418 1136 1138 1172 
419 1153 1154 1173 
420 1159 1158 1183 
421 1148 1146 1192 
422 1194 184 1198 
423 1204 1042 1315 
424 1205 885 1671 
425 1175 216 1176 
426 162 1398 1399 
427 214 1184 1185 
428 1152 1194 1195 
429 1396 1397 1862 
430 116 117 1198 
431 184 116 1198 
432 1864 1402 1873 
433 1186 890 1187 
434 1141 1174 1204 
435 1158 1042 1204 
436 1141 1204 1315 
437 1137 1205 1671 
438 1140 885 1205 
439 196 1285 1906 
440 1165 191 1905 
441 1128 1200 1826 
442 1200 1164 1826 
443 1180 1874 1891 
444 1429 897 1430 
445 1048 1050 1202 
446 1142 1048 1202 
447 1176 216 1177 
448 1168 1200 1201 
449 1186 1187 1188 
450 1202 1050 1203 
451 1176 1177 1178 
452 1188 1187 1189 
453 1178 1177 1179 
454 1188 1189 1190 
455 1179 1177 1180 
456 1179 1180 1181 
457 1228 1212 1854 
458 185 1227 1228 
459 1297 1227 1693 
460 1227 185 1693 
461 218 1206 1297 
462 218 1297 1693 
463 1296 1206 1675 
464 1206 218 1675 
465 174 1207 1296 
466 174 1296 1675 
467 185 1228 1854 
468 8 9 1215 
469 1207 174 1728 
470 1208 217 1216 
471 217 17 1216 
472 17 18 1216 
473 1261 1209 1857 
474 1213 197 1218 
475 197 22 1218 
476 902 1032 1664 
477 1210 166 1258 
478 23 24 1855 
479 195 8 1215 
480 1211 195 1215 
481 1210 1258 1360 
482 1258 197 1360 
483 1279 1207 1728 
484 217 1208 1279 
485 900 922 1279 
486 166 1210 1261 
487 197 1213 1360 
488 22 23 1218 
489 1166 1312 1664 
490 195 1211 1664 
491 1261 938 1743 
492 1218 23 1855 
493 1212 1215 1854 
494 1211 902 1664 
495 962 913 1856 
496 1032 1166 1664 
497 1053 1267 1759 
498 164 1267 1784 
499 1215 9 1854 
500 217 1279 1728 
501 1267 1053 1784 
502 922 1207 1279 
503 1208 900 1279 
504 164 1784 1825 
505 1016 1245 1409 
506 1760 1244 1773 
507 962 1760 1773 
508 1217 646 1282 
509 1209 1216 1857 
510 1000 1239 1266 
511 1222 1214 1825 
512 1209 1261 1743 
513 1244 1245 1817 
514 1245 1016 1817 
515 1281 1130 1282 
516 1773 1244 1817 
517 1026 1217 1282 
518 166 1261 1857 
519 1320 1017 1409 
520 1210 938 1261 
521 1320 1238 1648 
522 1017 1016 1409 
523 910 1222 1825 
524 1017 1320 1648 
525 227 229 1235 
526 1233 912 1234 
527 1648 1238 1786 
528 244 242 1822 
529 547 1219 1225 
530 1219 547 1750 
531 1238 1239 1786 
532 240 547 1225 
533 242 240 1225 
534 646 1217 1283 
535 231 233 1748 
536 1130 1026 1282 
537 547 1283 1750 
538 1312 195 1664 
539 24 164 1855 
540 242 1225 1822 
541 753 1498 1841 
542 1239 1000 1786 
543 1112 1291 1851 
544 1226 743 1287 
545 1760 962 1856 
546 1412 1410 1806 
547 1212 1228 1287 
548 1262 1001 1266 
549 1234 912 1748 
550 1239 1240 1266 
551 238 236 1283 
552 1221 743 1226 
553 229 912 1235 
554 415 259 1812 
555 1253 635 1346 
556 227 1235 1768 
557 39 1768 1830 
558 1228 1226 1287 
559 1001 1000 1266 
560 743 1221 1268 
561 1223 1054 1346 
562 1054 1253 1346 
563 35 201 1240 
564 31 203 1246 
565 1216 18 1857 
566 1836 1385 1852 
567 1054 1223 1347 
568 1229 587 1268 
569 634 1386 1836 
570 1571 1269 1767 
571 911 1359 1544 
572 297 1412 1806 
573 1283 1217 1750 
574 912 1233 1235 
575 1269 1229 1767 
576 20 21 1258 
577 1445 415 1812 
578 63 161 1260 
579 911 1544 1545 
580 1240 201 1266 
581 233 634 1748 
582 912 231 1748 
583 909 1224 1821 
584 1267 26 1759 
585 166 20 1258 
586 1498 1100 1841 
587 1768 1235 1830 
588 646 1280 1282 
589 1255 1036 1256 
590 236 646 1283 
591 34 35 1240 
592 1280 1281 1282 
593 30 31 1246 
594 547 238 1283 
595 1245 1246 1409 
596 1221 1229 1268 
597 1291 894 1851 
598 81 223 1230 
599 1828 1056 1833 
600 42 221 225 
601 202 75 1241 
602 33 177 1237 
603 72 178 1236 
604 161 64 1247 
605 37 181 1231 
606 1249 710 1302 
607 29 169 1243 
608 585 686 1268 
609 171 69 1250 
610 1792 1109 1849 
611 1222 910 1837 
612 587 1229 1269 
613 805 847 1729 
614 847 916 1257 
615 463 244 1822 
616 1034 1652 1659 
617 1254 920 1272 
618 1674 1520 1844 
619 1814 272 1847 
620 1231 181 1232 
621 1237 177 1238 
622 847 1257 1729 
623 1243 169 1244 
624 161 1247 1248 
625 171 1250 1252 
626 1246 203 1409 
627 710 1249 1303 
628 1108 1019 1850 
629 710 919 1302 
630 1359 911 1761 
631 1256 1036 1659 
632 1356 405 1357 
633 1224 1021 1821 
634 225 221 1284 
635 1357 405 1358 
636 752 750 1545 
637 47 48 1263 
638 1107 1522 1788 
639 1357 1359 1761 
640 1788 483 1838 
641 254 252 1771 
642 21 197 1258 
643 642 574 1303 
644 582 587 1818 
645 1386 1778 1785 
646 1224 1828 1833 
647 1329 1102 1793 
648 686 743 1268 
649 1056 1057 1853 
650 1410 1018 1806 
651 750 911 1545 
652 1458 1459 1800 
653 1778 459 1785 
654 1257 916 1302 
655 1413 1412 1810 
656 1537 1536 1805 
657 1808 1413 1810 
658 1808 415 1813 
659 21 22 197 
660 920 1254 1273 
661 747 848 1347 
662 60 61 198 
663 1458 1800 1803 
664 1803 344 1804 
665 1271 1274 1275 
666 848 1054 1347 
667 587 585 1268 
668 177 34 1240 
669 1110 1011 1843 
670 250 248 1358 
671 259 261 1812 
672 1537 1805 1807 
673 261 263 1839 
674 169 30 1246 
675 201 1231 1262 
676 574 710 1303 
677 635 1253 1824 
678 1310 1570 1739 
679 248 246 1543 
680 415 1445 1813 
681 1345 446 1758 
682 349 256 1307 
683 995 1276 1462 
684 190 80 1230 
685 907 1135 1274 
686 1224 909 1828 
687 1235 1233 1830 
688 494 795 1798 
689 189 41 225 
690 459 1459 1785 
691 76 183 1241 
692 204 71 1236 
693 65 200 1247 
694 70 204 1250 
695 199 28 1243 
696 201 36 1231 
697 203 32 1237 
698 164 25 1267 
699 882 907 1274 
700 1259 62 1260 
701 1358 248 1543 
702 928 1570 1571 
703 1250 1251 1252 
704 1544 463 1834 
705 341 1653 1702 
706 62 63 1260 
707 919 1257 1302 
708 1522 1107 1790 
709 1295 570 1310 
710 1036 1034 1659 
711 1652 641 1659 
712 469 635 1824 
713 405 250 1358 
714 189 227 1768 
715 1319 1758 1794 
716 1237 1238 1320 
717 1276 1294 1462 
718 1306 349 1307 
719 1269 1571 1799 
720 1274 1135 1275 
721 37 38 181 
722 76 77 183 
723 226 225 1284 
724 65 66 200 
725 68 69 171 
726 70 71 204 
727 72 73 178 
728 29 30 169 
729 31 32 203 
730 74 75 202 
731 33 34 177 
732 35 36 201 
733 42 43 221 
734 81 82 223 
735 63 64 161 
736 1016 947 1817 
737 24 25 164 
738 40 41 189 
739 27 28 199 
740 79 80 190 
741 1821 1368 1842 
742 256 254 1307 
743 737 888 1669 
744 1328 1329 1793 
745 201 1262 1266 
746 1044 226 1284 
747 587 1269 1818 
748 795 805 1729 
749 879 726 1273 
750 1250 204 1251 
751 1311 1337 1338 
752 1570 928 1739 
753 1354 1793 1829 
754 1307 254 1771 
755 1458 1803 1804 
756 646 234 1280 
757 189 225 226 
758 1241 183 1242 
759 1223 753 1841 
760 1536 1018 1805 
761 344 1538 1832 
762 1295 1310 1739 
763 1270 881 1271 
764 1412 297 1810 
765 1074 1276 1782 
766 1311 1338 1570 
767 1278 584 1752 
768 628 1277 1724 
769 1010 1809 1811 
770 198 61 1259 
771 1413 1808 1813 
772 203 1237 1320 
773 1243 1244 1760 
774 726 727 1273 
775 760 934 1288 
776 1233 181 1830 
777 1385 1001 1852 
778 934 1286 1288 
779 203 1320 1409 
780 743 742 1287 
781 1018 1536 1806 
782 1118 1777 1781 
783 80 81 1230 
784 1305 349 1306 
785 338 341 1702 
786 550 503 1644 
787 1627 950 1689 
788 410 347 1294 
789 833 881 1270 
790 41 42 225 
791 685 683 1374 
792 1378 739 1380 
793 683 745 1374 
794 570 1295 1716 
795 692 832 1353 
796 75 76 1241 
797 800 1316 1683 
798 1337 1311 1355 
799 1359 1543 1544 
800 568 570 1716 
801 1254 879 1273 
802 1317 1756 1766 
803 1570 1338 1571 
804 727 751 1273 
805 999 1278 1752 
806 246 463 1543 
807 32 33 1237 
808 325 1298 1299 
809 1459 459 1800 
810 64 65 1247 
811 446 1345 1774 
812 326 314 1301 
813 25 26 1267 
814 28 29 1243 
815 739 1378 1424 
816 71 72 1236 
817 1789 680 1801 
818 36 37 1231 
819 1403 1160 1610 
820 974 1627 1689 
821 1386 634 1778 
822 69 70 1250 
823 760 1288 1289 
824 325 1299 1301 
825 1372 1094 1754 
826 1357 1358 1359 
827 1333 1058 1706 
828 1304 1077 1305 
829 1639 800 1683 
830 1286 934 1304 
831 1156 1383 1669 
832 349 1305 1540 
833 1232 181 1233 
834 1238 177 1239 
835 1344 1345 1758 
836 1207 924 1296 
837 809 1746 1769 
838 1231 1232 1262 
839 1070 1639 1683 
840 1265 1263 1703 
841 1244 169 1245 
842 1277 993 1724 
843 832 1049 1353 
844 1445 1444 1813 
845 1206 929 1297 
846 1066 1304 1305 
847 881 882 1274 
848 1498 1112 1851 
849 234 232 1280 
850 1305 1077 1540 
851 1048 879 1050 
852 1263 48 1703 
853 1294 347 1462 
854 252 405 1771 
855 314 325 1301 
856 920 833 1270 
857 1288 935 1290 
858 228 1044 1292 
859 312 308 1464 
860 928 1571 1767 
861 832 726 879 
862 596 1324 1757 
863 934 1077 1304 
864 423 410 1294 
865 901 1212 1287 
866 739 737 1669 
867 1522 1521 1788 
868 907 1025 1135 
869 1212 1211 1215 
870 984 1318 1319 
871 1102 1329 1816 
872 751 920 1273 
873 920 1270 1272 
874 1809 1074 1811 
875 61 62 1259 
876 1042 940 1315 
877 850 1333 1706 
878 645 1325 1514 
879 1280 736 1281 
880 48 49 1703 
881 692 693 726 
882 1023 1308 1314 
883 918 1249 1302 
884 1055 933 1306 
885 1748 634 1836 
886 1308 1020 1314 
887 888 1156 1669 
888 692 726 832 
889 1378 1377 1424 
890 728 1770 1776 
891 832 879 1048 
892 742 901 1287 
893 751 833 920 
894 833 834 881 
895 916 918 1302 
896 984 631 1318 
897 1290 935 1644 
898 232 736 1280 
899 405 1356 1771 
900 751 752 833 
901 686 742 743 
902 650 1403 1610 
903 663 665 1441 
904 196 47 1263 
905 1066 1305 1306 
906 1309 480 1355 
907 1044 1284 1285 
908 232 230 736 
909 901 1211 1212 
910 236 234 646 
911 1209 1208 1216 
912 1777 1303 1781 
913 503 497 1644 
914 914 938 1210 
915 1071 1317 1766 
916 836 685 1374 
917 1293 482 1516 
918 205 153 1321 
919 935 550 1644 
920 343 409 1653 
921 27 199 1759 
922 1626 959 1643 
923 730 886 1334 
924 1314 1020 1370 
925 152 205 1322 
926 745 682 746 
927 681 691 692 
928 1067 1086 1745 
929 931 1227 1297 
930 452 1337 1355 
931 1380 739 1669 
932 231 230 232 
933 727 750 751 
934 565 566 680 
935 1298 325 1464 
936 1264 1263 1265 
937 1050 879 1254 
938 765 1372 1754 
939 1315 940 1334 
940 1061 1407 1755 
941 878 871 1074 
942 1271 881 1274 
943 807 1715 1717 
944 1324 1290 1757 
945 1376 1676 1692 
946 933 1066 1306 
947 582 585 587 
948 479 456 1361 
949 899 746 900 
950 364 366 1454 
951 1758 446 1794 
952 1477 763 1485 
953 907 908 1025 
954 692 691 693 
955 745 746 899 
956 914 1210 1360 
957 763 1469 1485 
958 1311 1309 1355 
959 1055 1306 1307 
960 899 900 1208 
961 680 566 681 
962 199 1243 1760 
963 1364 663 1441 
964 914 836 938 
965 1074 871 1276 
966 922 924 1207 
967 497 465 1757 
968 1339 699 1603 
969 348 342 1331 
970 1328 556 1329 
971 699 1340 1407 
972 1025 1026 1129 
973 811 348 1331 
974 761 1562 1685 
975 325 312 1464 
976 206 149 1326 
977 882 906 907 
978 482 1293 1627 
979 1339 1603 1679 
980 937 557 1633 
981 1403 650 1580 
982 1674 1792 1849 
983 425 423 871 
984 346 342 348 
985 1377 644 1424 
986 394 556 1328 
987 929 931 1297 
988 1715 1301 1717 
989 924 926 1296 
990 950 936 1689 
991 726 693 727 
992 795 1729 1798 
993 454 479 1337 
994 900 921 922 
995 1344 1105 1345 
996 705 1406 1432 
997 315 327 1343 
998 926 929 1206 
999 327 332 1343 
1000 189 226 227 
1001 1313 936 1639 
1002 631 633 1318 
1003 763 1477 1578 
1004 1337 479 1338 
1005 931 1226 1227 
1006 650 1389 1580 
1007 926 1206 1296 
1008 1615 1068 1628 
1009 577 1422 1463 
1010 1708 1097 1764 
1011 886 1315 1334 
1012 1375 990 1712 
1013 157 158 191 
1014 1369 1021 1572 
1015 1304 1066 1373 
1016 1770 1278 1776 
1017 1031 1404 1579 
1018 233 232 234 
1019 1799 1361 1818 
1020 449 450 480 
1021 665 809 1441 
1022 1603 721 1679 
1023 390 348 391 
1024 390 391 413 
1025 413 414 449 
1026 159 160 222 
1027 1406 1079 1432 
1028 699 1339 1340 
1029 1076 1435 1609 
1030 240 238 547 
1031 580 581 582 
1032 279 1452 1499 
1033 661 663 1364 
1034 1391 666 1419 
1035 568 534 570 
1036 413 391 414 
1037 170 147 1342 
1038 783 781 1526 
1039 1286 1304 1373 
1040 1437 364 1454 
1041 1653 984 1702 
1042 833 752 834 
1043 1477 1478 1578 
1044 1333 850 1705 
1045 1060 1335 1455 
1046 425 871 878 
1047 1531 500 1621 
1048 179 1322 1323 
1049 449 414 450 
1050 1450 588 1499 
1051 645 1615 1628 
1052 1063 1388 1624 
1053 1393 1391 1419 
1054 154 182 1321 
1055 308 761 1464 
1056 40 189 1768 
1057 876 1105 1344 
1058 230 228 1292 
1059 635 636 1346 
1060 346 348 390 
1061 681 692 1353 
1062 974 482 1627 
1063 1070 1313 1639 
1064 686 687 742 
1065 585 586 686 
1066 588 1449 1508 
1067 881 834 882 
1068 313 315 1336 
1069 582 583 585 
1070 622 645 1514 
1071 1316 1317 1683 
1072 751 750 752 
1073 1317 1071 1683 
1074 1449 1418 1508 
1075 179 151 1322 
1076 534 480 1309 
1077 337 339 1332 
1078 1336 315 1343 
1079 26 27 1759 
1080 443 1367 1369 
1081 408 393 1390 
1082 644 1377 1587 
1083 999 1028 1278 
1084 342 340 1331 
1085 333 1327 1354 
1086 7 8 195 
1087 683 682 745 
1088 1316 800 1706 
1089 341 343 1653 
1090 1457 1013 1459 
1091 1325 943 1514 
1092 979 1596 1608 
1093 1058 1316 1706 
1094 443 426 1367 
1095 1418 951 1507 
1096 1452 1450 1499 
1097 1562 1062 1685 
1098 458 580 1361 
1099 1348 808 1349 
1100 938 1374 1743 
1101 922 923 924 
1102 853 852 1530 
1103 749 693 1694 
1104 696 1286 1373 
1105 1404 1068 1579 
1106 443 1369 1572 
1107 936 1313 1689 
1108 154 155 182 
1109 535 534 568 
1110 1366 948 1423 
1111 366 403 1454 
1112 1463 1062 1562 
1113 1591 1714 1733 
1114 450 452 1355 
1115 1449 588 1450 
1116 150 179 1326 
1117 1239 177 1240 
1118 448 367 1663 
1119 629 631 984 
1120 1457 815 1586 
1121 327 330 331 
1122 620 699 1407 
1123 959 785 1643 
1124 1373 1065 1518 
1125 452 454 1337 
1126 6 7 1312 
1127 1289 1288 1290 
1128 313 314 315 
1129 765 377 1744 
1130 543 1388 1389 
1131 1464 761 1685 
1132 231 232 233 
1133 309 312 313 
1134 650 559 1389 
1135 659 808 1348 
1136 864 1617 1719 
1137 951 1417 1581 
1138 454 456 479 
1139 1076 1609 1679 
1140 1097 1720 1764 
1141 152 153 205 
1142 1245 169 1246 
1143 900 746 921 
1144 1423 579 1604 
1145 336 335 337 
1146 1232 1233 1234 
1147 150 151 179 
1148 1325 645 1628 
1149 332 331 333 
1150 480 450 1355 
1151 787 789 1009 
1152 628 1724 1742 
1153 543 476 1388 
1154 1388 477 1624 
1155 798 797 1405 
1156 1367 1368 1369 
1157 315 326 327 
1158 334 333 335 
1159 1066 1065 1373 
1160 1013 1457 1586 
1161 1543 463 1544 
1162 774 966 1651 
1163 1003 1357 1761 
1164 567 1504 1601 
1165 893 1031 1579 
1166 1103 993 1277 
1167 1039 942 1587 
1168 537 490 1414 
1169 1362 1421 1585 
1170 309 539 1330 
1171 1422 1062 1463 
1172 570 1309 1310 
1173 229 230 231 
1174 942 783 1526 
1175 1049 1048 1142 
1176 938 836 1374 
1177 463 1822 1834 
1178 1676 484 1692 
1179 324 1384 1482 
1180 148 206 1342 
1181 393 392 1390 
1182 695 753 1223 
1183 235 234 236 
1184 448 1375 1712 
1185 456 458 1361 
1186 791 620 1407 
1187 1372 765 1744 
1188 1334 937 1633 
1189 1417 951 1418 
1190 1388 1063 1389 
1191 1086 1626 1643 
1192 1455 1335 1486 
1193 1422 1583 1647 
1194 1736 1552 1741 
1195 808 661 1364 
1196 1724 1414 1742 
1197 821 775 1456 
1198 49 186 1703 
1199 207 145 1387 
1200 489 480 534 
1201 569 568 682 
1202 693 691 1694 
1203 39 40 1768 
1204 338 337 340 
1205 458 498 580 
1206 148 149 206 
1207 556 1824 1848 
1208 153 154 1321 
1209 633 787 1318 
1210 666 664 1419 
1211 1362 867 1363 
1212 1318 1009 1319 
1213 1837 779 1853 
1214 876 1104 1105 
1215 1421 862 1585 
1216 229 228 230 
1217 322 328 1567 
1218 331 345 1327 
1219 1327 345 1328 
1220 1375 448 1663 
1221 1478 484 1578 
1222 780 1081 1575 
1223 803 989 1341 
1224 1480 1069 1559 
1225 1314 1370 1642 
1226 196 1263 1264 
1227 450 451 452 
1228 1335 1060 1526 
1229 972 1595 1637 
1230 340 337 1332 
1231 712 685 836 
1232 1807 1015 1832 
1233 7 195 1312 
1234 151 152 1322 
1235 1370 595 1642 
1236 1005 1004 1415 
1237 1351 1546 1662 
1238 309 313 539 
1239 500 1598 1621 
1240 1704 1061 1755 
1241 246 244 463 
1242 748 537 1414 
1243 991 748 1414 
1244 1756 1324 1766 
1245 678 739 1424 
1246 758 602 1460 
1247 539 313 1336 
1248 408 1390 1593 
1249 682 568 1716 
1250 850 1558 1705 
1251 327 331 332 
1252 475 1528 1687 
1253 653 867 1362 
1254 696 1373 1518 
1255 775 772 1456 
1256 1009 789 1344 
1257 1020 853 1530 
1258 1366 1423 1604 
1259 1567 1471 1590 
1260 313 312 314 
1261 564 678 1424 
1262 1077 1539 1540 
1263 557 558 1633 
1264 871 423 1294 
1265 326 1301 1715 
1266 680 681 1353 
1267 787 1009 1318 
1268 337 335 339 
1269 471 952 1501 
1270 810 1448 1710 
1271 1432 1079 1476 
1272 303 308 309 
1273 1277 628 1763 
1274 636 695 1346 
1275 730 1334 1633 
1276 818 997 1448 
1277 922 921 923 
1278 952 1480 1559 
1279 700 608 1565 
1280 849 748 991 
1281 1495 411 1634 
1282 717 875 1642 
1283 992 991 993 
1284 1077 759 1539 
1285 417 408 1593 
1286 870 1001 1385 
1287 227 226 228 
1288 899 1208 1209 
1289 939 941 1580 
1290 1468 1451 1558 
1291 1686 589 1701 
1292 760 1289 1573 
1293 781 1335 1526 
1294 797 944 1405 
1295 1076 1431 1435 
1296 1405 1376 1692 
1297 1638 1707 1721 
1298 345 394 1328 
1299 1079 799 1476 
1300 315 314 326 
1301 333 331 1327 
1302 858 1082 1431 
1303 559 543 1389 
1304 1637 1622 1649 
1305 303 309 1330 
1306 1510 319 1677 
1307 1504 1081 1601 
1308 695 725 753 
1309 394 418 556 
1310 309 308 312 
1311 485 442 1453 
1312 633 638 787 
1313 996 1551 1552 
1314 1040 1137 1671 
1315 331 330 345 
1316 327 326 330 
1317 1384 1064 1482 
1318 1003 1356 1357 
1319 146 147 170 
1320 733 1654 1688 
1321 1349 808 1350 
1322 1359 1358 1543 
1323 681 690 691 
1324 942 1526 1587 
1325 988 1528 1655 
1326 1452 1699 1705 
1327 789 876 1344 
1328 1596 957 1608 
1329 1089 1686 1701 
1330 727 749 750 
1331 843 932 1003 
1332 146 170 1387 
1333 149 150 1326 
1334 1500 296 1542 
1335 1384 324 1567 
1336 306 310 1436 
1337 1084 1083 1645 
1338 351 329 1469 
1339 382 411 1495 
1340 442 412 1453 
1341 952 440 1479 
1342 452 453 454 
1343 563 1060 1455 
1344 1468 700 1565 
1345 954 957 1416 
1346 963 1418 1449 
1347 1530 988 1655 
1348 1377 1039 1587 
1349 1064 1069 1482 
1350 1069 1480 1481 
1351 332 333 334 
1352 852 988 1530 
1353 733 672 1654 
1354 1617 1439 1719 
1355 636 643 695 
1356 668 666 1391 
1357 1595 981 1637 
1358 1441 809 1769 
1359 1389 1063 1580 
1360 835 1112 1498 
1361 1571 1338 1799 
1362 1417 1460 1581 
1363 335 333 1354 
1364 723 985 1434 
1365 1086 1643 1745 
1366 1436 577 1463 
1367 324 322 1567 
1368 334 335 336 
1369 753 835 1498 
1370 602 599 1460 
1371 1442 872 1444 
1372 570 534 1309 
1373 1367 878 1368 
1374 619 762 1607 
1375 787 788 789 
1376 984 1319 1702 
1377 1453 1637 1649 
1378 147 148 1342 
1379 932 1055 1356 
1380 997 998 999 
1381 736 230 1292 
1382 579 1461 1604 
1383 724 872 1442 
1384 747 1347 1780 
1385 1646 640 1665 
1386 721 1076 1679 
1387 762 1563 1607 
1388 1501 952 1559 
1389 324 1482 1509 
1390 814 1021 1224 
1391 362 364 1437 
1392 400 420 1470 
1393 176 132 1484 
1394 389 373 1466 
1395 521 563 1455 
1396 271 588 1508 
1397 958 306 1436 
1398 549 723 1434 
1399 771 769 1425 
1400 798 1405 1564 
1401 1503 959 1554 
1402 1078 1560 1561 
1403 1418 1507 1508 
1404 1482 1481 1509 
1405 924 925 926 
1406 469 522 635 
1407 391 348 811 
1408 373 371 1466 
1409 519 1455 1486 
1410 562 561 1666 
1411 357 351 1469 
1412 1425 769 1494 
1413 1471 855 1590 
1414 1370 1020 1530 
1415 907 906 908 
1416 1101 993 1103 
1417 1566 1612 1640 
1418 283 285 1523 
1419 759 316 1539 
1420 215 134 1506 
1421 999 1027 1028 
1422 1298 1008 1299 
1423 979 975 1596 
1424 1094 1293 1754 
1425 609 610 1602 
1426 228 226 1044 
1427 310 396 1436 
1428 493 471 1501 
1429 1008 1005 1415 
1430 328 1471 1567 
1431 558 621 622 
1432 846 1018 1410 
1433 1331 340 1332 
1434 1107 1788 1838 
1435 1447 1433 1502 
1436 269 267 1499 
1437 464 500 1531 
1438 695 1223 1346 
1439 776 959 1503 
1440 837 836 914 
1441 1119 943 1120 
1442 132 133 1484 
1443 1060 644 1587 
1444 1043 1159 1160 
1445 1583 1470 1647 
1446 529 530 1547 
1447 1081 1504 1575 
1448 1660 1411 1681 
1449 386 388 1496 
1450 560 651 1585 
1451 1120 943 1325 
1452 764 283 1523 
1453 328 350 1471 
1454 359 763 1578 
1455 438 417 1593 
1456 1644 497 1757 
1457 580 498 581 
1458 1723 499 1725 
1459 564 677 678 
1460 996 611 1551 
1461 1476 614 1625 
1462 651 1362 1585 
1463 664 732 1419 
1464 675 674 676 
1465 738 679 740 
1466 700 1468 1558 
1467 1417 758 1460 
1468 767 1447 1502 
1469 1350 808 1364 
1470 1546 867 1662 
1471 1063 939 1580 
1472 1453 972 1637 
1473 1362 1363 1421 
1474 1025 908 1026 
1475 1299 1008 1300 
1476 851 1063 1624 
1477 1431 1082 1435 
1478 761 302 1550 
1479 1560 578 1561 
1480 388 395 1496 
1481 985 1658 1682 
1482 1746 1440 1769 
1483 874 724 1442 
1484 993 991 1724 
1485 1512 1510 1677 
1486 567 506 1504 
1487 233 234 235 
1488 892 1037 1371 
1489 144 145 207 
1490 391 811 1483 
1491 970 950 1627 
1492 617 1607 1635 
1493 1045 979 1608 
1494 350 356 1471 
1495 530 623 1547 
1496 1069 1481 1482 
1497 1090 1511 1512 
1498 813 812 859 
1499 588 269 1499 
1500 579 524 1461 
1501 1628 1404 1751 
1502 512 780 1575 
1503 926 927 929 
1504 343 342 346 
1505 851 939 1063 
1506 450 414 451 
1507 409 629 1653 
1508 698 697 1573 
1509 1335 756 1486 
1510 1112 1126 1291 
1511 298 294 1529 
1512 367 365 1663 
1513 770 772 773 
1514 440 406 1479 
1515 1422 577 1583 
1516 796 626 1497 
1517 1528 988 1687 
1518 558 622 647 
1519 1007 1005 1008 
1520 1349 1350 1352 
1521 397 317 1548 
1522 941 940 1042 
1523 810 818 1448 
1524 860 859 1004 
1525 1125 1039 1377 
1526 635 522 636 
1527 835 1111 1112 
1528 145 146 1387 
1529 392 974 1390 
1530 396 577 1436 
1531 420 468 1470 
1532 484 1478 1692 
1533 516 514 1433 
1534 531 532 1513 
1535 1059 698 1573 
1536 936 755 1639 
1537 1481 768 1548 
1538 1456 774 1651 
1539 784 981 1595 
1540 858 1431 1447 
1541 944 1375 1376 
1542 1132 1030 1171 
1543 1046 1408 1608 
1544 1699 1333 1705 
1545 1521 1523 1582 
1546 434 445 1475 
1547 825 668 1391 
1548 896 740 943 
1549 134 135 1506 
1550 849 991 992 
1551 1007 1008 1298 
1552 709 573 1588 
1553 729 679 738 
1554 98 99 1487 
1555 524 523 1461 
1556 1509 1481 1548 
1557 464 496 500 
1558 551 550 696 
1559 578 769 770 
1560 952 1479 1480 
1561 1573 1289 1756 
1562 477 486 1624 
1563 526 579 1584 
1564 629 630 631 
1565 1078 1503 1554 
1566 954 956 957 
1567 118 119 192 
1568 168 1487 1489 
1569 1157 1155 1196 
1570 653 655 867 
1571 789 790 876 
1572 642 1303 1777 
1573 813 859 860 
1574 595 1370 1655 
1575 918 1052 1249 
1576 1452 279 1699 
1577 768 397 1548 
1578 917 1162 1426 
1579 955 953 1652 
1580 429 475 1467 
1581 433 590 1474 
1582 464 462 465 
1583 468 812 813 
1584 756 513 1486 
1585 527 545 1532 
1586 626 593 1497 
1587 594 717 1642 
1588 609 1602 1613 
1589 945 758 963 
1590 818 822 997 
1591 860 1004 1005 
1592 1607 1072 1635 
1593 1433 514 1502 
1594 655 656 657 
1595 873 1109 1631 
1596 301 298 1529 
1597 826 791 827 
1598 1069 857 1559 
1599 476 477 1388 
1600 1227 1226 1228 
1601 251 297 1535 
1602 336 337 338 
1603 227 228 229 
1604 560 559 648 
1605 649 648 823 
1606 847 884 916 
1607 953 531 1513 
1608 776 775 777 
1609 1171 1030 1371 
1610 1438 1437 1440 
1611 168 98 1487 
1612 130 131 1533 
1613 946 571 1584 
1614 573 627 1588 
1615 188 128 1473 
1616 293 296 1500 
1617 361 359 1578 
1618 851 557 937 
1619 617 618 619 
1620 949 856 1002 
1621 1379 1380 1381 
1622 1477 973 1478 
1623 341 340 342 
1624 541 1517 1556 
1625 695 643 725 
1626 285 284 286 
1627 285 288 1523 
1628 296 299 1542 
1629 861 549 1434 
1630 856 611 996 
1631 619 618 620 
1632 659 661 808 
1633 663 664 665 
1634 674 672 733 
1635 1040 895 1041 
1636 460 438 474 
1637 532 552 1513 
1638 797 703 799 
1639 615 1711 1730 
1640 702 755 757 
1641 805 804 806 
1642 1363 867 1546 
1643 971 1095 1096 
1644 1113 1167 1170 
1645 344 245 1538 
1646 267 279 1499 
1647 285 286 287 
1648 293 291 294 
1649 296 294 298 
1650 294 960 1529 
1651 310 311 317 
1652 317 318 1548 
1653 320 322 324 
1654 355 351 357 
1655 362 361 363 
1656 371 1465 1466 
1657 378 377 379 
1658 416 578 1560 
1659 474 438 766 
1660 477 442 485 
1661 461 460 462 
1662 464 465 496 
1663 486 485 487 
1664 488 487 491 
1665 504 557 851 
1666 515 517 519 
1667 518 617 1635 
1668 519 520 521 
1669 521 561 562 
1670 544 559 560 
1671 563 562 564 
1672 644 564 1424 
1673 576 575 721 
1674 590 592 1527 
1675 609 608 610 
1676 616 703 704 
1677 619 718 762 
1678 622 621 645 
1679 679 622 1514 
1680 651 649 652 
1681 653 652 654 
1682 659 658 660 
1683 663 662 664 
1684 665 664 666 
1685 669 668 670 
1686 671 670 672 
1687 673 672 674 
1688 678 734 737 
1689 977 708 1067 
1690 718 826 1684 
1691 730 885 886 
1692 895 740 896 
1693 757 950 969 
1694 761 1550 1562 
1695 770 769 771 
1696 827 791 1061 
1697 804 1085 1420 
1698 830 806 897 
1699 851 937 939 
1700 886 1140 1141 
1701 888 1153 1155 
1702 896 943 1119 
1703 949 1002 1339 
1704 966 975 979 
1705 971 1094 1095 
1706 980 979 1045 
1707 1434 985 1682 
1708 1033 1034 1035 
1709 1038 1039 1124 
1710 1043 1158 1159 
1711 1113 1045 1167 
1712 1149 1148 1150 
1713 1156 1155 1157 
1714 1160 1159 1161 
1715 1348 1349 1351 
1716 1394 1395 1396 
1717 611 354 1551 
1718 362 363 364 
1719 412 972 1453 
1720 431 433 1474 
1721 468 494 812 
1722 521 562 563 
1723 767 857 858 
1724 785 828 829 
1725 803 866 989 
1726 1011 874 1024 
1727 1310 1309 1311 
1728 523 541 554 
1729 594 626 717 
1730 787 638 788 
1731 723 845 846 
1732 245 247 1538 
1733 474 766 1070 
1734 657 659 1348 
1735 891 889 1145 
1736 945 964 1468 
1737 1475 1597 1619 
1738 515 519 1486 
1739 604 602 758 
1740 208 130 1533 
1741 623 624 713 
1742 990 1080 1712 
1743 292 287 1541 
1744 612 316 697 
1745 504 488 505 
1746 619 620 718 
1747 640 719 820 
1748 985 846 986 
1749 1034 955 1652 
1750 980 1113 1114 
1751 115 116 184 
1752 120 121 224 
1753 532 503 550 
1754 511 510 1502 
1755 773 775 776 
1756 1014 815 1457 
1757 944 1376 1405 
1758 980 1045 1113 
1759 287 286 1541 
1760 396 397 398 
1761 502 613 1599 
1762 513 514 515 
1763 528 526 1584 
1764 571 528 1584 
1765 1341 989 1656 
1766 1058 1059 1316 
1767 1557 1524 1572 
1768 382 383 384 
1769 411 384 412 
1770 659 660 661 
1771 665 667 809 
1772 820 1029 1087 
1773 1520 1521 1522 
1774 1547 1566 1640 
1775 898 783 942 
1776 983 1017 1632 
1777 1006 1422 1647 
1778 624 572 1618 
1779 801 803 1341 
1780 1076 1075 1431 
1781 1443 1444 1445 
1782 270 271 272 
1783 274 275 276 
1784 276 277 278 
1785 288 289 290 
1786 296 298 299 
1787 299 300 302 
1788 320 321 322 
1789 491 708 977 
1790 854 611 856 
1791 767 858 1447 
1792 858 1064 1082 
1793 872 1660 1681 
1794 977 1067 1068 
1795 1023 1011 1110 
1796 1031 1030 1132 
1797 387 385 1516 
1798 437 461 1494 
1799 476 442 477 
1800 486 487 488 
1801 694 571 946 
1802 770 771 772 
1803 965 771 1425 
1804 889 827 890 
1805 876 877 1104 
1806 1487 209 1488 
1807 354 351 355 
1808 502 497 503 
1809 512 756 780 
1810 702 754 755 
1811 757 755 936 
1812 755 800 1639 
1813 1028 1127 1128 
1814 1289 1290 1324 
1815 383 381 385 
1816 395 419 784 
1817 769 436 1494 
1818 1475 445 1597 
1819 449 480 489 
1820 510 767 1502 
1821 532 550 551 
1822 552 551 553 
1823 565 553 566 
1824 1527 595 1655 
1825 671 672 673 
1826 694 947 983 
1827 704 703 797 
1828 714 715 716 
1829 773 1503 1561 
1830 870 1000 1001 
1831 1461 1569 1604 
1832 264 262 316 
1833 286 284 353 
1834 483 293 1500 
1835 598 353 599 
1836 358 359 360 
1837 366 367 368 
1838 368 369 370 
1839 507 493 508 
1840 600 599 601 
1841 753 725 835 
1842 737 734 887 
1843 1480 768 1481 
1844 870 841 1000 
1845 986 846 1410 
1846 893 1030 1031 
1847 916 917 918 
1848 1299 1300 1717 
1849 1466 1465 1574 
1850 424 423 425 
1851 545 861 1532 
1852 396 398 577 
1853 517 516 518 
1854 518 575 576 
1855 657 658 659 
1856 963 758 1417 
1857 801 802 803 
1858 873 853 1019 
1859 379 377 765 
1860 554 541 555 
1861 721 575 1075 
1862 593 976 1497 
1863 694 946 947 
1864 869 841 870 
1865 1012 870 1385 
1866 940 937 1334 
1867 1152 1150 1193 
1868 1383 1380 1669 
1869 131 132 176 
1870 253 252 254 
1871 257 259 415 
1872 444 432 1525 
1873 475 1474 1528 
1874 512 511 513 
1875 525 526 527 
1876 527 528 529 
1877 545 529 548 
1878 713 815 816 
1879 986 1410 1411 
1880 1411 1410 1412 
1881 133 215 1484 
1882 320 324 1509 
1883 372 373 374 
1884 376 377 378 
1885 378 379 380 
1886 398 399 400 
1887 400 406 420 
1888 439 406 440 
1889 510 706 767 
1890 515 514 516 
1891 521 520 561 
1892 530 572 623 
1893 631 632 633 
1894 981 786 982 
1895 803 863 866 
1896 969 950 970 
1897 208 1533 1534 
1898 407 393 408 
1899 416 408 417 
1900 608 605 1565 
1901 606 607 705 
1902 913 904 1053 
1903 994 973 1477 
1904 1087 1029 1088 
1905 1503 1078 1561 
1906 124 125 194 
1907 527 526 528 
1908 548 529 1547 
1909 545 549 861 
1910 678 677 734 
1911 815 714 1586 
1912 724 796 872 
1913 782 783 831 
1914 852 792 967 
1915 929 930 931 
1916 983 1016 1017 
1917 1381 1380 1383 
1918 1458 1457 1459 
1919 109 110 214 
1920 131 176 1533 
1921 252 250 405 
1922 300 298 301 
1923 310 317 396 
1924 356 354 611 
1925 372 374 615 
1926 427 428 429 
1927 429 430 431 
1928 475 431 1474 
1929 486 488 504 
1930 494 794 795 
1931 526 524 579 
1932 669 670 671 
1933 688 689 838 
1934 780 782 1081 
1935 1061 791 1407 
1936 1350 1364 1365 
1937 392 387 482 
1938 603 604 605 
1939 606 605 607 
1940 992 993 1101 
1941 1019 1020 1308 
1942 1124 1039 1125 
1943 1443 1445 1446 
1944 133 134 215 
1945 350 329 351 
1946 356 854 855 
1947 651 652 653 
1948 653 654 655 
1949 983 947 1016 
1950 138 139 213 
1951 388 387 392 
1952 422 410 423 
1953 523 472 541 
1954 545 548 549 
1955 1521 764 1523 
1956 944 990 1375 
1957 1432 1476 1625 
1958 128 129 1473 
1959 249 248 250 
1960 251 250 252 
1961 258 256 349 
1962 282 951 1581 
1963 285 287 288 
1964 290 291 293 
1965 293 294 296 
1966 592 593 594 
1967 696 935 1286 
1968 738 740 895 
1969 829 828 892 
1970 875 874 1011 
1971 85 86 193 
1972 92 93 175 
1973 94 95 216 
1974 97 98 168 
1975 99 100 209 
1976 104 105 210 
1977 388 393 395 
1978 409 421 629 
1979 465 462 596 
1980 502 531 613 
1981 607 608 609 
1982 613 953 954 
1983 773 772 775 
1984 814 778 968 
1985 795 804 805 
1986 944 799 990 
1987 303 302 308 
1988 648 559 650 
1989 560 649 651 
1990 1167 1045 1408 
1991 136 137 167 
1992 247 248 249 
1993 249 250 251 
1994 251 252 253 
1995 253 254 255 
1996 255 256 257 
1997 261 262 263 
1998 263 264 265 
1999 266 265 267 
2000 268 267 269 
2001 270 269 271 
2002 272 271 273 
2003 274 273 275 
2004 276 275 277 
2005 277 280 281 
2006 951 280 1507 
2007 281 282 283 
2008 283 284 285 
2009 286 598 1541 
2010 288 287 289 
2011 290 289 291 
2012 289 292 1472 
2013 299 298 300 
2014 300 301 304 
2015 302 300 1550 
2016 308 302 761 
2017 304 305 306 
2018 306 307 310 
2019 697 316 759 
2020 396 317 397 
2021 323 321 499 
2022 350 354 356 
2023 599 353 1460 
2024 356 611 854 
2025 358 357 359 
2026 360 359 361 
2027 364 363 365 
2028 366 365 367 
2029 368 367 369 
2030 370 369 371 
2031 372 371 373 
2032 372 615 1730 
2033 376 375 377 
2034 376 378 402 
2035 380 379 381 
2036 382 384 411 
2037 383 385 386 
2038 412 384 972 
2039 386 387 388 
2040 482 387 1516 
2041 388 392 393 
2042 395 393 407 
2043 395 784 1496 
2044 398 397 399 
2045 400 399 406 
2046 420 406 439 
2047 407 408 416 
2048 416 417 436 
2049 786 419 1078 
2050 427 426 428 
2051 429 428 430 
2052 434 444 445 
2053 436 437 1494 
2054 578 436 769 
2055 437 460 461 
2056 439 440 470 
2057 467 439 1594 
2058 461 462 464 
2059 470 471 492 
2060 473 523 524 
2061 474 1070 1071 
2062 485 1453 1649 
2063 491 707 708 
2064 492 493 506 
2065 502 503 531 
2066 533 506 567 
2067 510 508 706 
2068 512 513 756 
2069 513 515 1486 
2070 523 554 1461 
2071 525 524 526 
2072 529 528 530 
2073 613 531 953 
2074 532 551 552 
2075 552 641 1513 
2076 593 591 976 
2077 601 599 602 
2078 600 614 616 
2079 603 602 604 
2080 603 605 606 
2081 604 758 945 
2082 607 605 608 
2083 606 705 1432 
2084 612 697 698 
2085 717 626 724 
2086 724 626 796 
2087 688 838 839 
2088 702 701 754 
2089 704 797 798 
2090 767 706 857 
2091 717 874 875 
2092 820 719 880 
2093 755 754 800 
2094 1520 764 1521 
2095 772 771 774 
2096 776 785 959 
2097 782 781 783 
2098 831 783 898 
2099 795 794 804 
2100 801 798 802 
2101 803 802 863 
2102 821 1456 1650 
2103 846 845 1018 
2104 852 967 988 
2105 854 856 949 
2106 858 857 1064 
2107 873 1108 1109 
2108 1024 874 1442 
2109 1030 892 1371 
2110 1051 917 1426 
2111 945 963 964 
2112 1609 949 1679 
2113 954 953 955 
2114 974 1689 1709 
2115 1080 1079 1406 
2116 1096 1095 1097 
2117 1110 1814 1847 
2118 1451 1450 1452 
2119 237 236 238 
2120 374 375 376 
2121 424 426 427 
2122 432 430 1525 
2123 434 432 444 
2124 433 447 590 
2125 527 529 545 
2126 561 1072 1073 
2127 669 671 864 
2128 864 1616 1617 
2129 1038 942 1039 
2130 1035 1034 1036 
2131 1040 1041 1136 
2132 420 439 467 
2133 506 493 507 
2134 719 567 1601 
2135 1474 590 1527 
2136 839 838 904 
2137 563 564 644 
2138 660 658 824 
2139 704 798 801 
2140 780 781 782 
2141 847 830 884 
2142 958 1436 1463 
2143 964 963 1449 
2144 1051 1426 1428 
2145 1068 1404 1628 
2146 1425 1494 1531 
2147 127 128 188 
2148 360 362 597 
2149 371 369 1465 
2150 375 373 389 
2151 385 1515 1516 
2152 961 913 962 
2153 945 1468 1565 
2154 427 429 1467 
2155 869 870 1012 
2156 356 855 1471 
2157 477 485 486 
2158 509 508 510 
2159 518 576 617 
2160 582 581 583 
2161 610 702 1602 
2162 661 662 663 
2163 717 724 874 
2164 941 1403 1580 
2165 1490 1488 1491 
2166 111 112 180 
2167 496 465 497 
2168 542 476 543 
2169 825 1391 1392 
2170 860 1005 1006 
2171 873 1019 1108 
2172 107 108 172 
2173 445 472 473 
2174 468 813 1470 
2175 513 511 514 
2176 689 555 778 
2177 623 572 624 
2178 572 694 1618 
2179 716 840 841 
2180 716 841 869 
2181 814 968 1021 
2182 948 946 1423 
2183 247 249 625 
2184 257 256 258 
2185 261 260 262 
2186 263 262 264 
2187 263 265 266 
2188 264 316 612 
2189 266 267 268 
2190 268 270 540 
2191 273 271 1508 
2192 283 282 284 
2193 286 353 598 
2194 290 293 483 
2195 294 291 960 
2196 299 302 303 
2197 304 301 305 
2198 306 305 307 
2199 318 311 319 
2200 320 319 321 
2201 328 323 329 
2202 355 358 404 
2203 359 357 763 
2204 363 361 484 
2205 429 431 475 
2206 445 444 472 
2207 473 472 523 
2208 519 521 1455 
2209 554 555 688 
2210 563 644 1060 
2211 590 591 592 
2212 598 599 600 
2213 714 624 715 
2214 625 1536 1537 
2215 697 760 1573 
2216 1067 708 1086 
2217 716 715 840 
2218 880 719 1083 
2219 781 756 1335 
2220 820 880 1029 
2221 1064 857 1069 
2222 916 884 917 
2223 961 962 1366 
2224 1075 1433 1447 
2225 129 130 208 
2226 437 417 438 
2227 754 701 850 
2228 806 804 1420 
2229 1392 1391 1393 
2230 88 89 187 
2231 310 307 311 
2232 350 351 354 
2233 734 677 735 
2234 875 1314 1642 
2235 918 1051 1052 
2236 380 382 1495 
2237 437 438 460 
2238 441 442 476 
2239 616 614 703 
2240 797 799 944 
2241 963 1417 1418 
2242 964 1451 1468 
2243 1431 1075 1447 
2244 90 91 211 
2245 102 103 162 
2246 113 114 212 
2247 268 269 270 
2248 272 273 274 
2249 282 280 951 
2250 281 283 764 
2251 305 301 589 
2252 304 306 958 
2253 317 311 318 
2254 318 319 320 
2255 322 323 328 
2256 328 329 350 
2257 355 357 358 
2258 360 361 362 
2259 364 365 366 
2260 420 467 468 
2261 428 426 443 
2262 431 432 433 
2263 433 434 447 
2264 525 527 1532 
2265 723 722 845 
2266 1316 1059 1317 
2267 793 852 853 
2268 904 838 910 
2269 964 1450 1451 
2270 971 970 1094 
2271 1611 1600 1680 
2272 399 397 768 
2273 492 506 533 
2274 1075 575 1433 
2275 617 576 618 
2276 610 608 700 
2277 804 794 1085 
2278 966 965 975 
2279 1714 1546 1733 
2280 141 142 163 
2281 247 246 248 
2282 255 254 256 
2283 257 258 259 
2284 259 258 260 
2285 259 260 261 
2286 411 412 441 
2287 433 432 434 
2288 447 434 1475 
2289 468 467 494 
2290 515 516 517 
2291 575 516 1433 
2292 592 591 593 
2293 592 594 595 
2294 594 593 626 
2295 610 701 702 
2296 667 668 669 
2297 708 707 1667 
2298 845 722 978 
2299 723 846 985 
2300 779 778 814 
2301 784 786 981 
2302 839 904 913 
2303 1019 853 1020 
2304 1002 856 1605 
2305 1043 1042 1158 
2306 1443 1442 1444 
2307 251 253 297 
2308 763 357 1469 
2309 597 362 1437 
2310 370 371 372 
2311 1461 554 1569 
2312 592 595 1527 
2313 816 815 1014 
2314 829 892 893 
2315 1249 1052 1781 
2316 1525 1524 1557 
2317 651 653 1362 
2318 886 1141 1315 
2319 1153 887 1154 
2320 1043 1160 1403 
2321 533 567 640 
2322 805 830 847 
2323 1081 1568 1601 
2324 366 368 403 
2325 369 367 448 
2326 392 482 974 
2327 471 440 952 
2328 688 555 689 
2329 572 571 694 
2330 718 620 791 
2331 1547 623 1566 
2332 664 662 732 
2333 665 666 667 
2334 688 839 1569 
2335 689 778 779 
2336 718 791 826 
2337 933 844 1065 
2338 989 866 1089 
2339 1136 1041 1138 
2340 473 524 525 
2341 507 508 509 
2342 530 528 571 
2343 549 722 723 
2344 1300 1008 1415 
2345 322 321 323 
2346 380 381 382 
2347 441 412 442 
2348 416 436 578 
2349 784 419 786 
2350 552 565 641 
2351 601 602 603 
2352 614 601 1625 
2353 654 652 731 
2354 850 701 1558 
2355 1519 764 1520 
2356 772 774 1456 
2357 805 806 830 
2358 1095 1094 1372 
2359 509 510 511 
2360 553 1518 1696 
2361 774 771 965 
2362 947 946 948 
2363 129 208 1473 
2364 590 447 591 
2365 794 467 1594 
2366 530 571 572 
2367 713 624 714 
2368 675 676 868 
2369 918 917 1051 
2370 1556 1517 1557 
2371 267 265 279 
2372 271 269 588 
2373 274 276 295 
2374 277 275 280 
2375 281 280 282 
2376 281 764 1519 
2377 289 287 292 
2378 288 290 1582 
2379 960 291 1472 
2380 404 358 1661 
2381 389 1466 1720 
2382 470 440 471 
2383 492 471 493 
2384 579 1423 1584 
2385 896 1131 1555 
2386 977 1068 1615 
2387 1339 1002 1340 
2388 1006 1005 1007 
2389 99 209 1487 
2390 395 407 419 
2391 932 933 1055 
2392 1073 1072 1563 
2393 1485 1723 1725 
2394 452 451 453 
2395 489 534 535 
2396 544 543 559 
2397 647 622 679 
2398 647 679 729 
2399 678 737 739 
2400 701 700 1558 
2401 730 729 885 
2402 971 1096 1613 
2403 386 385 387 
2404 600 601 614 
2405 1596 975 1598 
2406 1618 983 1632 
2407 1411 1412 1413 
2408 557 505 558 
2409 612 987 1577 
2410 670 668 825 
2411 673 674 675 
2412 713 714 815 
2413 831 898 1047 
2414 461 464 1531 
2415 561 520 1072 
2416 757 936 950 
2417 954 955 956 
2418 966 979 980 
2419 968 1556 1557 
2420 531 503 532 
2421 542 544 862 
2422 839 961 1569 
2423 1094 970 1293 
2424 1394 1392 1395 
2425 353 284 1581 
2426 589 301 1529 
2427 318 320 1509 
2428 369 448 1465 
2429 374 373 375 
2430 379 765 1515 
2431 382 381 383 
2432 411 441 1634 
2433 424 425 426 
2434 428 443 1524 
2435 431 430 432 
2436 430 1524 1525 
2437 441 476 542 
2438 494 467 794 
2439 541 472 1517 
2440 496 497 502 
2441 500 496 1599 
2442 558 505 621 
2443 509 511 512 
2444 514 511 1502 
2445 518 516 575 
2446 542 543 544 
2447 696 550 935 
2448 552 553 565 
2449 560 648 649 
2450 561 1073 1666 
2451 640 567 719 
2452 597 1438 1439 
2453 610 700 701 
2454 612 698 987 
2455 613 1416 1599 
2456 620 618 699 
2457 647 729 730 
2458 655 654 656 
2459 657 656 658 
2460 661 660 662 
2461 667 666 668 
2462 669 864 1549 
2463 694 983 1618 
2464 799 703 1476 
2465 1622 707 1649 
2466 721 1075 1076 
2467 737 887 888 
2468 780 756 781 
2469 760 759 934 
2470 1070 766 1313 
2471 1479 768 1480 
2472 770 773 1561 
2473 773 776 1503 
2474 774 965 966 
2475 777 775 821 
2476 793 792 852 
2477 990 799 1079 
2478 806 1420 1670 
2479 825 1392 1394 
2480 826 889 891 
2481 892 828 1037 
2482 863 973 994 
2483 1089 866 1090 
2484 880 1083 1084 
2485 891 1145 1146 
2486 1041 895 1555 
2487 898 942 1038 
2488 939 940 941 
2489 941 1042 1043 
2490 956 955 1033 
2491 1033 955 1034 
2492 964 1449 1450 
2493 968 1557 1572 
2494 969 970 971 
2495 1293 970 1627 
2496 972 1589 1595 
2497 1598 975 1621 
2498 987 1058 1333 
2499 994 1477 1485 
2500 1040 1136 1137 
2501 1082 1064 1384 
2502 1518 1065 1696 
2503 1083 1568 1645 
2504 1096 1576 1613 
2505 1131 1119 1169 
2506 1125 1378 1379 
2507 1147 1146 1148 
2508 1365 1364 1441 
2509 1379 1381 1382 
2510 1425 1531 1621 
2511 1440 1437 1454 
2512 345 352 394 
2513 385 381 1515 
2514 549 548 722 
2515 697 759 760 
2516 839 913 961 
2517 1024 1442 1443 
2518 1348 1351 1662 
2519 1384 1567 1590 
2520 857 706 1559 
2521 934 759 1077 
2522 893 892 1030 
2523 1390 974 1709 
2524 600 616 1611 
2525 785 777 828 
2526 957 956 1046 
2527 997 999 1752 
2528 1014 1457 1458 
2529 436 417 437 
2530 921 746 1716 
2531 776 777 785 
2532 1658 1497 1682 
2533 554 688 1569 
2534 816 1014 1015 
2535 869 1012 1013 
2536 291 289 1472 
2537 855 1435 1590 
2538 875 1023 1314 
2539 390 413 995 
2540 968 778 1556 
2541 789 788 790 
2542 888 887 1153 
2543 990 1079 1080 
2544 249 251 1535 
2545 987 698 1058 
2546 895 896 1555 
2547 1460 353 1581 
2548 430 428 1524 
2549 519 517 520 
2550 1423 946 1584 
2551 1021 968 1572 
2552 896 1119 1131 
2553 1408 1045 1608 
2554 496 502 1599 
2555 597 1437 1438 
2556 633 637 638 
2557 704 801 1600 
2558 919 709 1098 
2559 280 275 1507 
2560 381 379 1515 
2561 972 384 1589 
2562 1517 444 1525 
2563 504 505 557 
2564 555 541 1556 
2565 738 895 1040 
2566 875 1011 1023 
2567 933 1065 1066 
2568 957 1046 1608 
2569 1474 1527 1528 
2570 778 555 1556 
2571 623 713 1566 
2572 1058 698 1059 
2573 1012 1385 1386 
2574 762 718 1684 
2575 793 853 873 
2576 863 802 973 
2577 1089 1090 1686 
2578 1149 1150 1151 
2579 604 945 1565 
2580 891 1146 1147 
2581 1006 1062 1422 
2582 1523 288 1582 
2583 394 401 418 
2584 1638 1495 1707 
2585 869 1013 1586 
2586 1507 273 1508 
2587 354 355 1551 
2588 439 470 1594 
2589 564 562 677 
2590 1379 1378 1380 
2591 826 827 889 
2592 636 639 643 
2593 886 885 1140 
2594 766 438 1593 
2595 424 427 1629 
2596 616 704 1600 
2597 1569 961 1604 
2598 1032 1165 1166 
2599 1125 1377 1378 
2600 1511 1510 1512 
2601 406 399 1479 
2602 673 675 865 
2603 1003 932 1356 
2604 316 262 1539 
2605 264 612 1577 
2606 278 277 1519 
2607 284 282 1581 
2608 290 483 1582 
2609 319 311 1677 
2610 378 380 1638 
2611 399 768 1479 
2612 400 1470 1583 
2613 1078 419 1560 
2614 1524 443 1572 
2615 596 462 1553 
2616 499 1510 1511 
2617 506 507 1504 
2618 551 696 1518 
2619 801 1341 1600 
2620 866 863 1673 
2621 917 884 1162 
2622 919 1099 1257 
2623 1286 935 1288 
2624 958 1463 1562 
2625 1478 973 1564 
2626 1068 1067 1579 
2627 1631 1109 1668 
2628 1420 1646 1665 
2629 1592 1475 1619 
2630 621 505 1614 
2631 314 312 325 
2632 445 473 1597 
2633 305 589 1641 
2634 625 1535 1536 
2635 1098 709 1588 
2636 1467 475 1687 
2637 613 954 1416 
2638 966 980 1651 
2639 1112 1111 1126 
2640 472 444 1517 
2641 864 671 1616 
2642 941 1043 1403 
2643 584 1722 1752 
2644 1435 855 1609 
2645 265 264 1577 
2646 585 583 586 
2647 277 281 1519 
2648 615 374 1591 
2649 1086 708 1667 
2650 1147 1148 1149 
2651 786 1078 1554 
2652 300 304 1550 
2653 741 1092 1093 
2654 1081 782 1568 
2655 919 1098 1099 
2656 1551 404 1552 
2657 1576 609 1613 
2658 1031 1132 1133 
2659 1592 1619 1620 
2660 245 246 247 
2661 418 435 469 
2662 491 487 707 
2663 816 1015 1612 
2664 939 937 940 
2665 469 478 522 
2666 638 637 1631 
2667 546 574 642 
2668 1416 957 1596 
2669 462 460 1553 
2670 553 551 1518 
2671 703 614 1476 
2672 1513 641 1652 
2673 973 802 1564 
2674 1006 1007 1062 
2675 876 790 877 
2676 279 265 1577 
2677 318 1509 1548 
2678 715 624 1618 
2679 802 798 1564 
2680 1597 1532 1619 
2681 713 816 1566 
2682 275 273 1507 
2683 1071 1070 1683 
2684 1698 1089 1701 
2685 616 1600 1611 
2686 1104 877 1106 
2687 888 1155 1156 
2688 1489 1488 1490 
2689 1589 1496 1595 
2690 1517 1525 1557 
2691 135 1505 1506 
2692 441 542 1634 
2693 686 586 687 
2694 976 591 1592 
2695 671 673 1616 
2696 710 709 919 
2697 304 958 1550 
2698 533 640 1646 
2699 573 536 627 
2700 742 744 901 
2701 969 971 1613 
2702 299 303 1542 
2703 376 402 1591 
2704 380 1495 1638 
2705 384 383 1589 
2706 422 424 1629 
2707 427 1467 1629 
2708 591 447 1592 
2709 1494 461 1531 
2710 474 1071 1553 
2711 505 488 1614 
2712 508 493 1501 
2713 598 600 1611 
2714 605 604 1565 
2715 673 865 1616 
2716 982 786 1554 
2717 953 1513 1652 
2718 1602 969 1613 
2719 1031 1133 1404 
2720 1563 1072 1607 
2721 1568 1083 1601 
2722 1151 1150 1152 
2723 1349 1352 1711 
2724 1487 1488 1489 
2725 1485 1469 1723 
2726 1617 1736 1741 
2727 303 1330 1542 
2728 1085 794 1594 
2729 1612 978 1640 
2730 488 491 1614 
2731 374 376 1591 
2732 473 525 1597 
2733 741 1093 1672 
2734 714 716 1586 
2735 1566 816 1612 
2736 525 1532 1597 
2737 640 820 1665 
2738 247 625 1538 
2739 631 630 632 
2740 1550 958 1562 
2741 1093 1115 1121 
2742 629 421 630 
2743 1632 1017 1648 
2744 727 693 749 
2745 535 568 569 
2746 544 560 1585 
2747 625 249 1535 
2748 447 1475 1592 
2749 1496 784 1595 
2750 997 822 998 
2751 981 982 1622 
2752 1085 1594 1606 
2753 677 562 1666 
2754 1090 866 1673 
2755 989 1089 1698 
2756 1276 871 1294 
2757 386 1496 1589 
2758 800 754 1706 
2759 469 435 478 
2760 715 1618 1632 
2761 1563 762 1713 
2762 860 1006 1647 
2763 1117 1118 1122 
2764 699 618 1603 
2765 924 923 925 
2766 961 1366 1604 
2767 383 386 1589 
2768 747 537 748 
2769 262 260 1539 
2770 1469 329 1723 
2771 629 984 1653 
2772 1539 260 1540 
2773 321 319 1510 
2774 355 404 1551 
2775 1594 470 1606 
2776 706 508 1501 
2777 722 548 1640 
2778 706 1501 1559 
2779 707 1622 1667 
2780 796 1497 1658 
2781 932 844 933 
2782 976 1592 1620 
2783 1115 1116 1117 
2784 1558 1451 1705 
2785 595 594 1642 
2786 716 869 1586 
2787 1117 1116 1118 
2788 1298 1464 1685 
2789 574 573 709 
2790 897 806 1670 
2791 856 996 1605 
2792 484 361 1578 
2793 655 657 1662 
2794 258 349 1540 
2795 548 1547 1640 
2796 1416 1598 1599 
2797 1598 500 1599 
2798 574 709 710 
2799 637 792 793 
2800 1115 1092 1116 
2801 460 474 1553 
2802 509 512 1575 
2803 867 655 1662 
2804 345 330 352 
2805 394 352 401 
2806 848 748 849 
2807 1532 861 1619 
2808 1564 1405 1692 
2809 1472 292 1656 
2810 835 883 1111 
2811 999 998 1027 
2812 46 47 196 
2813 499 321 1510 
2814 636 522 639 
2815 1541 598 1611 
2816 741 639 1091 
2817 1511 1090 1673 
2818 1093 1092 1115 
2819 1722 1448 1752 
2820 136 167 1505 
2821 398 400 1583 
2822 491 977 1614 
2823 601 603 1625 
2824 1083 719 1601 
2825 793 873 1631 
2826 1444 872 1681 
2827 985 986 1658 
2828 1467 1687 1697 
2829 339 335 1354 
2830 1090 1512 1686 
2831 402 378 1638 
2832 577 398 1583 
2833 418 401 435 
2834 546 573 574 
2835 1528 1527 1655 
2836 1420 1665 1670 
2837 260 258 1540 
2838 949 1339 1679 
2839 407 416 1560 
2840 470 492 1606 
2841 643 639 741 
2842 978 722 1640 
2843 1310 1311 1570 
2844 1097 1095 1731 
2845 478 435 481 
2846 501 536 546 
2847 546 536 573 
2848 1656 292 1680 
2849 606 1432 1625 
2850 501 481 536 
2851 422 423 424 
2852 1072 520 1635 
2853 862 544 1585 
2854 558 647 1633 
2855 617 619 1607 
2856 702 757 1602 
2857 738 1040 1671 
2858 820 1087 1665 
2859 861 1434 1620 
2860 1541 1611 1680 
2861 1563 1713 1740 
2862 597 1439 1661 
2863 667 669 1549 
2864 478 481 501 
2865 782 831 1568 
2866 1007 1298 1685 
2867 633 632 637 
2868 135 136 1505 
2869 840 715 1632 
2870 863 994 1673 
2871 584 1278 1770 
2872 712 836 837 
2873 630 421 1630 
2874 637 793 1631 
2875 1600 1341 1680 
2876 647 730 1633 
2877 578 770 1561 
2878 589 1529 1701 
2879 1106 877 1107 
2880 1376 1375 1663 
2881 536 481 1623 
2882 607 609 1576 
2883 741 1091 1092 
2884 492 533 1606 
2885 809 667 1549 
2886 832 1048 1049 
2887 1606 533 1646 
2888 625 1537 1538 
2889 1554 959 1626 
2890 279 1577 1699 
2891 307 305 1641 
2892 1623 481 1678 
2893 542 862 1634 
2894 1370 1530 1655 
2895 1406 705 1708 
2896 1579 1067 1745 
2897 691 690 843 
2898 235 236 237 
2899 454 455 456 
2900 967 792 1695 
2901 419 407 1560 
2902 507 509 1575 
2903 603 606 1625 
2904 986 1411 1660 
2905 1420 1085 1646 
2906 1085 1606 1646 
2907 1411 1413 1681 
2908 835 725 883 
2909 1091 639 1657 
2910 843 1003 1694 
2911 1478 1564 1692 
2912 705 607 1576 
2913 292 1541 1680 
2914 790 788 842 
2915 826 891 1684 
2916 1093 1121 1718 
2917 1301 1299 1717 
2918 414 391 1483 
2919 403 368 1738 
2920 569 682 683 
2921 334 336 446 
2922 872 796 1660 
2923 988 967 1687 
2924 229 231 912 
2925 1574 1465 1712 
2926 576 721 1603 
2927 976 1620 1682 
2928 425 878 1367 
2929 1619 861 1620 
2930 1111 883 1123 
2931 1009 1344 1758 
2932 1122 1118 1783 
2933 1407 1340 1755 
2934 1295 921 1716 
2935 517 518 1635 
2936 360 597 1661 
2937 363 484 1676 
2938 495 538 810 
2939 618 576 1603 
2940 657 1348 1662 
2941 1497 976 1682 
2942 981 1622 1637 
2943 1526 1060 1587 
2944 1341 1656 1680 
2945 1654 1394 1688 
2946 1792 1674 1844 
2947 729 738 1671 
2948 681 566 690 
2949 1028 1027 1127 
2950 241 242 243 
2951 1710 1448 1722 
2952 245 244 246 
2953 454 453 455 
2954 358 360 1661 
2955 757 969 1602 
2956 1519 1520 1674 
2957 992 1101 1102 
2958 1096 1097 1708 
2959 522 478 1657 
2960 1129 1026 1130 
2961 401 352 807 
2962 1614 977 1615 
2963 848 849 1022 
2964 854 949 1609 
2965 1687 967 1697 
2966 1082 1384 1590 
2967 639 522 1657 
2968 243 244 245 
2969 1504 507 1575 
2970 747 748 848 
2971 1620 1434 1682 
2972 546 642 1700 
2973 749 1694 1761 
2974 785 829 1643 
2975 855 854 1609 
2976 1029 880 1636 
2977 1435 1082 1590 
2978 1626 1086 1667 
2979 1376 1663 1676 
2980 1416 1596 1598 
2981 1495 1634 1707 
2982 1641 1512 1677 
2983 627 536 1623 
2984 909 1821 1842 
2985 1629 1467 1697 
2986 435 401 1678 
2987 478 501 1657 
2988 365 363 1676 
2989 1451 1452 1705 
2990 645 621 1615 
2991 278 1519 1674 
2992 311 307 1677 
2993 901 902 1211 
2994 926 925 927 
2995 1665 1087 1670 
2996 426 425 1367 
2997 638 1631 1668 
2998 842 788 1668 
2999 819 817 1100 
3000 848 1022 1054 
3001 813 860 1647 
3002 885 729 1671 
3003 1656 989 1698 
3004 243 242 244 
3005 865 1734 1735 
3006 943 740 1514 
3007 637 632 792 
3008 1641 589 1686 
3009 982 1626 1667 
3010 1711 1352 1730 
3011 422 1629 1630 
3012 1324 596 1766 
3013 868 676 1704 
3014 766 1593 1709 
3015 960 1698 1701 
3016 1673 994 1725 
3017 1084 1645 1691 
3018 1576 1096 1708 
3019 1472 1656 1698 
3020 1512 1641 1686 
3021 975 965 1621 
3022 1707 1421 1721 
3023 931 1221 1226 
3024 520 517 1635 
3025 810 817 818 
3026 1470 813 1647 
3027 1065 844 1696 
3028 481 435 1678 
3029 725 643 1672 
3030 566 553 1696 
3031 882 905 906 
3032 1340 1002 1749 
3033 967 1695 1697 
3034 1650 1456 1651 
3035 788 638 1668 
3036 825 1394 1654 
3037 831 1047 1645 
3038 1404 1133 1751 
3039 1350 1365 1747 
3040 456 457 458 
3041 1062 1007 1685 
3042 929 927 930 
3043 1663 365 1676 
3044 880 1084 1636 
3045 818 819 822 
3046 1747 1365 1772 
3047 840 1632 1648 
3048 1054 1022 1253 
3049 643 741 1672 
3050 1143 1142 1144 
3051 754 850 1706 
3052 1080 1574 1712 
3053 672 670 1654 
3054 632 630 1695 
3055 796 1658 1660 
3056 1622 982 1667 
3057 14 15 174 
3058 330 326 1715 
3059 1163 903 1164 
3060 1529 960 1701 
3061 538 537 747 
3062 705 1576 1708 
3063 615 1591 1733 
3064 996 1552 1735 
3065 960 1472 1698 
3066 241 240 242 
3067 243 245 344 
3068 883 725 1672 
3069 792 632 1695 
3070 982 1554 1626 
3071 1091 1657 1700 
3072 458 466 498 
3073 338 340 341 
3074 810 538 817 
3075 822 819 894 
3076 307 1641 1677 
3077 862 1421 1707 
3078 389 1720 1731 
3079 403 1747 1772 
3080 409 410 421 
3081 486 504 1624 
3082 621 1614 1615 
3083 735 677 1666 
3084 1577 987 1699 
3085 1289 1324 1756 
3086 740 679 1514 
3087 466 457 490 
3088 818 817 819 
3089 421 422 1630 
3090 994 1485 1725 
3091 389 1731 1744 
3092 1657 501 1700 
3093 1658 986 1660 
3094 1593 1390 1709 
3095 495 490 537 
3096 1731 1372 1744 
3097 451 414 1483 
3098 1549 864 1719 
3099 239 238 240 
3100 323 499 1723 
3101 746 682 1716 
3102 401 807 1678 
3103 1591 402 1714 
3104 1568 831 1645 
3105 465 596 1757 
3106 1439 1438 1719 
3107 495 537 538 
3108 1313 766 1709 
3109 1717 1300 1779 
3110 630 1630 1695 
3111 449 489 1727 
3112 1465 448 1712 
3113 1516 1515 1754 
3114 1720 1097 1731 
3115 501 546 1700 
3116 1735 1552 1736 
3117 1037 828 1690 
3118 346 390 1462 
3119 377 375 1744 
3120 13 14 1675 
3121 487 485 1649 
3122 843 844 932 
3123 1351 1349 1711 
3124 239 240 241 
3125 458 457 466 
3126 777 821 1690 
3127 931 930 1221 
3128 1293 1516 1754 
3129 1325 1628 1751 
3130 1734 1605 1735 
3131 421 410 422 
3132 742 687 744 
3133 413 449 1727 
3134 1027 998 1134 
3135 466 490 495 
3136 1672 1093 1718 
3137 1552 404 1741 
3138 1421 1363 1721 
3139 1695 1630 1697 
3140 987 1333 1699 
3141 1116 1092 1726 
3142 1689 1313 1709 
3143 995 413 1727 
3144 745 899 1743 
3145 965 1425 1621 
3146 237 238 239 
3147 456 455 457 
3148 1394 1396 1688 
3149 1414 490 1742 
3150 690 566 1696 
3151 891 1147 1684 
3152 923 921 1295 
3153 707 487 1649 
3154 750 749 911 
3155 1630 1629 1697 
3156 12 13 218 
3157 648 650 1610 
3158 1459 1013 1785 
3159 352 330 1715 
3160 1645 1047 1691 
3161 807 352 1715 
3162 1059 1573 1756 
3163 504 851 1624 
3164 844 690 1696 
3165 455 453 628 
3166 641 565 1789 
3167 670 825 1654 
3168 980 1114 1651 
3169 1213 915 1360 
3170 53 54 173 
3171 1511 1673 1725 
3172 1363 1546 1714 
3173 823 648 1610 
3174 1340 1749 1755 
3175 402 1638 1721 
3176 843 690 844 
3177 865 675 1734 
3178 1386 1385 1836 
3179 915 914 1360 
3180 828 777 1690 
3181 1466 1574 1720 
3182 1406 1708 1764 
3183 752 1545 1787 
3184 991 1414 1724 
3185 1057 1214 1222 
3186 499 1511 1725 
3187 883 1672 1718 
3188 1123 883 1718 
3189 1073 1563 1740 
3190 11 12 1693 
3191 583 581 584 
3192 1720 1574 1764 
3193 911 749 1761 
3194 495 810 1710 
3195 1700 642 1726 
3196 329 323 1723 
3197 762 1684 1713 
3198 1356 1055 1771 
3199 1114 1650 1651 
3200 390 995 1462 
3201 1634 862 1707 
3202 691 843 1694 
3203 1438 1440 1746 
3204 927 925 928 
3205 1057 915 1213 
3206 1439 1617 1741 
3207 1214 1213 1218 
3208 1095 1372 1731 
3209 409 347 410 
3210 1374 745 1743 
3211 1616 865 1736 
3212 457 455 1742 
3213 10 11 185 
3214 1028 1128 1776 
3215 1074 1782 1811 
3216 455 628 1742 
3217 865 1735 1736 
3218 1073 1740 1762 
3219 1363 1714 1721 
3220 1257 1099 1729 
3221 341 342 343 
3222 1415 1004 1795 
3223 498 466 1710 
3224 1546 1351 1733 
3225 899 1209 1743 
3226 1092 1091 1726 
3227 1120 1325 1751 
3228 1091 1700 1726 
3229 370 372 1730 
3230 15 16 1728 
3231 829 893 1745 
3232 489 535 720 
3233 675 868 1734 
3234 684 711 1010 
3235 1617 1616 1736 
3236 812 494 1798 
3237 1713 1149 1740 
3238 1221 930 1229 
3239 1714 402 1721 
3240 809 1549 1746 
3241 1661 1439 1741 
3242 368 370 1738 
3243 882 834 905 
3244 466 495 1710 
3245 1440 1454 1772 
3246 687 586 728 
3247 859 812 1797 
3248 1002 1605 1749 
3249 1605 996 1735 
3250 893 1579 1745 
3251 375 389 1744 
3252 51 52 220 
3253 233 235 634 
3254 404 1661 1741 
3255 1032 903 1163 
3256 1032 1163 1165 
3257 54 55 1737 
3258 343 346 347 
3259 14 174 1675 
3260 837 914 915 
3261 581 498 1722 
3262 1149 1151 1740 
3263 596 1553 1766 
3264 1795 1004 1796 
3265 902 903 1032 
3266 901 744 902 
3267 489 720 1727 
3268 1515 765 1754 
3269 1366 962 1773 
3270 1049 1142 1143 
3271 1352 1350 1747 
3272 347 346 1462 
3273 569 683 684 
3274 1118 1116 1777 
3275 684 683 685 
3276 1276 995 1782 
3277 1448 997 1752 
3278 237 239 459 
3279 498 1710 1722 
3280 1147 1149 1713 
3281 1793 1102 1829 
3282 584 581 1722 
3283 1711 615 1733 
3284 403 1738 1747 
3285 1797 812 1798 
3286 343 347 409 
3287 16 17 217 
3288 711 685 712 
3289 1300 1415 1791 
3290 1719 1438 1746 
3291 490 457 1742 
3292 1343 332 1774 
3293 218 13 1675 
3294 1004 859 1796 
3295 1549 1719 1746 
3296 1269 1799 1818 
3297 50 51 1732 
3298 902 744 903 
3299 1319 1009 1758 
3300 49 50 186 
3301 174 15 1728 
3302 906 905 1219 
3303 1740 1151 1762 
3304 1026 908 1217 
3305 711 712 909 
3306 1219 905 1220 
3307 1749 868 1755 
3308 1351 1711 1733 
3309 1605 1734 1749 
3310 1684 1147 1713 
3311 1802 1108 1850 
3312 1303 1249 1781 
3313 1053 904 1784 
3314 370 1730 1738 
3315 1317 1059 1756 
3316 1290 1644 1757 
3317 1730 1352 1738 
3318 55 56 219 
3319 1666 1073 1762 
3320 735 1666 1762 
3321 12 218 1693 
3322 1000 841 1786 
3323 628 453 1763 
3324 684 685 711 
3325 1702 1319 1794 
3326 1643 829 1745 
3327 923 1295 1739 
3328 1454 403 1772 
3329 837 915 1056 
3330 925 923 1739 
3331 1284 221 1775 
3332 868 1704 1755 
3333 1796 859 1797 
3334 1791 1415 1795 
3335 451 1483 1763 
3336 1256 1789 1801 
3337 1781 1052 1783 
3338 479 1361 1799 
3339 1164 903 1765 
3340 1734 868 1749 
3341 908 906 1750 
3342 334 446 1774 
3343 1327 1328 1793 
3344 1118 1781 1783 
3345 1521 1582 1788 
3346 453 451 1763 
3347 948 1366 1773 
3348 1659 641 1789 
3349 185 11 1693 
3350 173 54 1737 
3351 1779 1300 1791 
3352 680 1353 1801 
3353 928 925 1739 
3354 1219 1220 1225 
3355 535 569 1753 
3356 1694 1003 1761 
3357 538 747 1780 
3358 1553 1071 1766 
3359 1100 817 1780 
3360 1738 1352 1747 
3361 1769 1440 1772 
3362 927 928 1767 
3363 1143 1144 1255 
3364 1574 1080 1764 
3365 19 20 166 
3366 1057 1213 1214 
3367 1678 807 1779 
3368 1229 930 1767 
3369 720 535 1753 
3370 1012 1386 1785 
3371 1217 908 1750 
3372 583 584 1770 
3373 684 1010 1753 
3374 580 582 1818 
3375 1055 1307 1771 
3376 1365 1441 1769 
3377 58 59 165 
3378 1080 1406 1764 
3379 790 842 1790 
3380 1285 1284 1775 
3381 1056 915 1057 
3382 728 586 1770 
3383 807 1717 1779 
3384 840 1648 1786 
3385 930 927 1767 
3386 1107 877 1790 
3387 1143 1255 1256 
3388 913 1053 1856 
3389 16 217 1728 
3390 687 728 1765 
3391 586 583 1770 
3392 565 680 1789 
3393 569 684 1753 
3394 906 1219 1750 
3395 1537 1807 1832 
3396 1343 1774 1820 
3397 1234 1836 1852 
3398 1368 878 1809 
3399 51 220 1732 
3400 276 278 1802 
3401 1021 1369 1821 
3402 336 338 1794 
3403 338 1702 1794 
3404 1332 339 1823 
3405 947 948 1817 
3406 1018 845 1805 
3407 1103 1277 1815 
3408 332 334 1774 
3409 1278 1028 1776 
3410 744 687 1765 
3411 237 459 1778 
3412 257 415 1808 
3413 1668 1109 1792 
3414 55 219 1737 
3415 1814 1110 1843 
3416 186 50 1732 
3417 297 253 1810 
3418 1812 261 1839 
3419 1612 1015 1807 
3420 1331 1332 1819 
3421 1623 1678 1779 
3422 995 1727 1782 
3423 903 744 1765 
3424 270 272 1814 
3425 235 237 1778 
3426 834 752 1787 
3427 1015 1014 1804 
3428 1116 1726 1777 
3429 1353 1049 1801 
3430 817 538 1780 
3431 1536 1535 1806 
3432 1726 642 1777 
3433 634 235 1778 
3434 1804 344 1832 
3435 1103 1815 1819 
3436 1220 905 1787 
3437 1365 1769 1772 
3438 1444 1681 1813 
3439 1776 1128 1826 
3440 38 39 1830 
3441 1022 849 1816 
3442 1802 278 1849 
3443 1774 1345 1820 
3444 904 910 1784 
3445 243 344 1803 
3446 841 840 1786 
3447 1727 720 1782 
3448 1013 1012 1785 
3449 483 1500 1838 
3450 992 1102 1816 
3451 1819 1332 1823 
3452 1623 1779 1791 
3453 1022 1816 1848 
3454 1763 1483 1815 
3455 1753 1010 1811 
3456 1582 483 1788 
3457 1823 339 1829 
3458 877 790 1790 
3459 339 1354 1829 
3460 1354 1327 1793 
3461 418 469 1824 
3462 905 834 1787 
3463 1100 1498 1851 
3464 1345 1105 1820 
3465 459 239 1800 
3466 1520 1522 1844 
3467 1790 842 1844 
3468 842 1668 1792 
3469 627 1623 1791 
3470 1277 1763 1815 
3471 1588 1795 1796 
3472 1049 1143 1801 
3473 720 1753 1811 
3474 1588 627 1795 
3475 1308 1023 1846 
3476 627 1791 1795 
3477 446 336 1794 
3478 1824 1253 1848 
3479 1222 1837 1853 
3480 1820 1105 1827 
3481 1098 1588 1796 
3482 1099 1098 1797 
3483 1338 479 1799 
3484 1800 241 1803 
3485 1256 1659 1789 
3486 1105 1104 1827 
3487 1109 1108 1849 
3488 1500 1542 1835 
3489 1099 1797 1798 
3490 1098 1796 1797 
3491 241 243 1803 
3492 239 241 1800 
3493 910 838 1837 
3494 1019 1308 1850 
3495 295 276 1802 
3496 689 779 1837 
3497 779 814 1833 
3498 1535 297 1806 
3499 845 978 1805 
3500 1014 1458 1804 
3501 1729 1099 1798 
3502 1843 1024 1845 
3503 878 1074 1809 
3504 1220 1787 1834 
3505 1827 1104 1831 
3506 253 255 1810 
3507 255 257 1808 
3508 540 270 1814 
3509 1483 811 1815 
3510 255 1808 1810 
3511 1538 1537 1832 
3512 1446 1445 1812 
3513 978 1612 1807 
3514 909 712 1828 
3515 1831 1106 1835 
3516 1024 1443 1845 
3517 263 266 1839 
3518 1011 1024 1843 
3519 272 274 1847 
3520 1143 1256 1801 
3521 1104 1106 1831 
3522 1805 978 1807 
3523 1681 1413 1813 
3524 837 1056 1828 
3525 268 540 1840 
3526 1833 1056 1853 
3527 849 992 1816 
3528 1840 540 1845 
3529 1108 1802 1849 
3530 181 38 1830 
3531 1522 1790 1844 
3532 1308 1846 1850 
3533 1815 811 1819 
3534 811 1331 1819 
3535 1816 1329 1848 
3536 1782 720 1811 
3537 1787 1545 1834 
3538 1368 1809 1842 
3539 1010 711 1842 
3540 1361 580 1818 
3541 1329 556 1848 
3542 819 1100 1851 
3543 1500 1835 1838 
3544 948 1773 1817 
3545 1369 1368 1821 
3546 1336 1343 1820 
3547 1101 1103 1823 
3548 1103 1819 1823 
3549 556 418 1824 
3550 1545 1544 1834 
3551 1336 1820 1827 
3552 1225 1220 1822 
3553 1765 728 1826 
3554 1101 1823 1829 
3555 728 1776 1826 
3556 539 1336 1827 
3557 1001 1262 1852 
3558 712 837 1828 
3559 1164 1765 1826 
3560 539 1827 1831 
3561 1102 1101 1829 
3562 1809 1010 1842 
3563 1330 539 1831 
3564 1330 1831 1835 
3565 1784 910 1825 
3566 814 1224 1833 
3567 1015 1804 1832 
3568 1347 1223 1841 
3569 1542 1330 1835 
3570 1825 1214 1855 
3571 838 689 1837 
3572 1106 1107 1838 
3573 1234 1748 1836 
3574 1100 1780 1841 
3575 1057 1222 1853 
3576 540 1843 1845 
3577 266 268 1840 
3578 1262 1232 1852 
3579 1023 1110 1846 
3580 274 295 1847 
3581 1443 1446 1845 
3582 1446 1840 1845 
3583 1780 1347 1841 
3584 9 10 1854 
3585 1835 1106 1838 
3586 711 909 1842 
3587 1253 1022 1848 
3588 278 1674 1849 
3589 1846 295 1850 
3590 1822 1220 1834 
3591 894 819 1851 
3592 842 1792 1844 
3593 540 1814 1843 
3594 1446 1812 1839 
3595 295 1802 1850 
3596 1839 266 1840 
3597 1446 1839 1840 
3598 1846 1110 1847 
3599 1232 1234 1852 
3600 295 1846 1847 
3601 1759 199 1856 
3602 1053 1759 1856 
3603 779 1833 1853 
3604 10 185 1854 
3605 18 19 1857 
3606 164 1825 1855 
3607 1214 1218 1855 
3608 199 1760 1856 
3609 19 166 1857 
3610 1688 1396 1862 
3611 1205 1139 1858 
3612 1140 1205 1858 
3613 106 107 1859 
3614 656 654 1860 
3615 1383 1156 1861 
3616 1264 1265 1875 
3617 1181 1876 1929 
3618 204 1236 1863 
3619 107 172 1859 
3620 654 731 1860 
3621 1156 1157 1861 
3622 100 101 1864 
3623 83 84 1869 
3624 143 144 1865 
3625 1167 200 1912 
3626 735 1195 1872 
3627 1430 897 1866 
3628 1087 1088 1866 
3629 897 1670 1866 
3630 1251 204 1863 
3631 1783 1887 1933 
3632 822 894 1868 
3633 1134 998 1868 
3634 1312 1166 1870 
3635 5 6 1870 
3636 1861 1197 1904 
3637 1187 890 1871 
3638 1188 1190 1923 
3639 1061 1704 1871 
3640 890 827 1871 
3641 209 100 1864 
3642 734 735 1872 
3643 1154 887 1872 
3644 1491 1488 1873 
3645 1489 1490 1876 
3646 1177 216 1874 
3647 216 95 1874 
3648 1037 1690 1931 
3649 144 207 1865 
3650 1402 1400 1867 
3651 1190 1862 1923 
3652 736 1292 1875 
3653 1033 1035 1881 
3654 1863 1037 1931 
3655 1670 1087 1866 
3656 143 1865 1897 
3657 1387 170 1902 
3658 179 1323 1877 
3659 1254 1272 1878 
3660 1203 1050 1878 
3661 1171 178 1903 
3662 1688 1862 1911 
3663 209 1864 1873 
3664 1690 821 1879 
3665 1505 167 1892 
3666 676 674 1880 
3667 1868 894 1930 
3668 161 1248 1881 
3669 1129 1130 1882 
3670 1265 1703 1882 
3671 208 1534 1883 
3672 1241 1242 1884 
3673 998 822 1868 
3674 173 1737 1901 
3675 1128 1127 1885 
3676 1783 1052 1887 
3677 1051 1428 1887 
3678 213 1427 1922 
3679 1704 676 1889 
3680 6 1312 1870 
3681 1113 1170 1890 
3682 1197 224 1928 
3683 96 97 1891 
3684 1887 163 1933 
3685 191 1168 1918 
3686 1490 1492 1876 
3687 1088 1029 1893 
3688 1426 213 1916 
3689 1491 1873 1888 
3690 190 1230 1900 
3691 1035 1036 1894 
3692 1865 1122 1897 
3693 1025 1129 1896 
3694 1127 1027 1895 
3695 1862 1190 1911 
3696 1038 1124 1883 
3697 163 142 1897 
3698 1379 1382 1898 
3699 1124 1125 1898 
3700 1169 1119 1899 
3701 1120 1242 1899 
3702 1138 1041 1900 
3703 1272 1270 1901 
3704 1123 1718 1902 
3705 1201 1200 1885 
3706 827 1061 1871 
3707 1236 178 1924 
3708 178 73 1903 
3709 74 202 1903 
3710 1493 1491 1888 
3711 887 734 1872 
3712 1488 209 1873 
3713 95 96 1874 
3714 191 158 1905 
3715 159 222 1905 
3716 46 196 1906 
3717 60 198 1907 
3718 165 59 1907 
3719 1180 1177 1874 
3720 53 173 1908 
3721 220 52 1908 
3722 194 125 1909 
3723 79 190 1910 
3724 1636 1084 1913 
3725 1115 1117 1914 
3726 1533 176 1915 
3727 1323 1868 1930 
3728 205 1321 1895 
3729 1732 220 1896 
3730 1247 200 1919 
3731 1292 1044 1920 
3732 57 1203 1934 
3733 1248 1046 1936 
3734 138 213 1922 
3735 167 137 1922 
3736 168 1489 1917 
3737 126 1382 1909 
3738 1169 78 1910 
3739 2 44 1925 
3740 43 2 1925 
3741 82 3 1926 
3742 3 83 1926 
3743 1775 221 1925 
3744 1 5 1927 
3745 160 1 1927 
3746 121 4 1928 
3747 4 122 1928 
3748 1046 956 1936 
3749 198 1259 1894 
3750 1126 1111 1886 
3751 56 57 1934 
3752 1322 205 1932 
3753 157 191 1918 
3754 200 66 1912 
3755 1281 736 1875 
3756 171 1252 1890 
3757 1111 1123 1886 
3758 215 1506 1893 
3759 1871 1704 1889 
3760 124 194 1904 
3761 1873 1402 1888 
3762 1326 179 1877 
3763 1050 1254 1878 
3764 194 1861 1904 
3765 213 139 1916 
3766 1133 1132 1884 
3767 821 1650 1879 
3768 674 733 1880 
3769 1200 1128 1885 
3770 1260 161 1881 
3771 1703 186 1882 
3772 1473 208 1883 
3773 202 1241 1884 
3774 1342 206 1886 
3775 1134 1868 1932 
3776 1866 1088 1892 
3777 1052 1051 1887 
3778 1189 1187 1889 
3779 1047 1534 1915 
3780 1114 1113 1890 
3781 1179 1181 1929 
3782 1197 123 1904 
3783 97 168 1891 
3784 1382 1381 1909 
3785 1131 1169 1910 
3786 1203 57 1921 
3787 1187 1871 1889 
3788 1029 1636 1893 
3789 1775 45 1906 
3790 67 1170 1912 
3791 140 1428 1916 
3792 57 58 1921 
3793 1880 733 1911 
3794 1036 1255 1894 
3795 165 1202 1921 
3796 58 165 1921 
3797 123 124 1904 
3798 1027 1134 1895 
3799 1135 1025 1896 
3800 1242 183 1899 
3801 1181 1180 1917 
3802 1046 1248 1919 
3803 1868 1323 1932 
3804 142 143 1897 
3805 1125 1379 1898 
3806 1119 1120 1899 
3807 1402 1867 1888 
3808 1041 1555 1900 
3809 1408 1046 1919 
3810 1691 1047 1915 
3811 1371 1037 1924 
3812 1270 1271 1901 
3813 139 140 1916 
3814 1718 1121 1902 
3815 1201 156 1918 
3816 1430 1866 1892 
3817 73 74 1903 
3818 66 67 1912 
3819 1881 1248 1936 
3820 158 159 1905 
3821 45 46 1906 
3822 1285 1775 1906 
3823 1037 1863 1924 
3824 59 60 1907 
3825 52 53 1908 
3826 125 126 1909 
3827 78 79 1910 
3828 1203 1878 1934 
3829 733 1688 1911 
3830 1170 1167 1912 
3831 1084 1691 1913 
3832 83 1869 1926 
3833 1121 1115 1914 
3834 1534 1533 1915 
3835 156 157 1918 
3836 1428 1426 1916 
3837 1168 1201 1918 
3838 1248 1247 1919 
3839 1044 1285 1920 
3840 1202 1203 1921 
3841 5 1870 1927 
3842 137 138 1922 
3843 1914 1117 1935 
3844 1863 1236 1924 
3845 223 82 1926 
3846 221 43 1925 
3847 222 160 1927 
3848 224 121 1928 
3849 1877 1323 1930 
3850 1690 1879 1931 
3851 163 1897 1933 
3852 1859 172 1923 
3853 894 1291 1930 
3854 1860 731 1929 
3855 1323 1322 1932 
3856 1122 1783 1933 
3857 1180 1891 1917 
3858 1869 223 1926 
3859 219 56 1934 
3860 956 1033 1936 
3861 1870 222 1927 
3862 1878 219 1934 
3863 1033 1881 1936 
3864 1251 1863 1931 
3865 1891 168 1917 
3866 1865 207 1935 
3867 1291 1877 1930 
3868 1879 1251 1931 
3869 1897 1122 1933 
3870 207 1914 1935 
$EndElements
